"Barbell Bench Press",2013-08-02,1,45,5,"45 lb || 5 reps","36"
"Barbell Bench Press",2013-08-02,2,85,5,"85 lb || 5 reps","48"
"Barbell Bench Press",2013-08-02,3,105,5,"105 lb || 5 reps","55"
"Barbell Bench Press",2013-08-02,4,130,3,"130 lb || 3 reps","52"
"Barbell Bench Press",2013-08-02,5,165,5,"165 lb || 5 reps","82"
"Barbell Bench Press",2013-08-02,6,185,3,"185 lb || 3 reps","76"
"Barbell Bench Press",2013-08-02,7,210,2,"210 lb || 2 reps","76"
"Barbell Bench Press",2013-08-02,8,100,10,"100 lb || 10 reps","63"
"Barbell Bench Press",2013-08-02,9,100,10,"100 lb || 10 reps","63"
"Barbell Bench Press",2013-08-02,10,100,10,"100 lb || 10 reps","63"
"Barbell Bench Press",2013-08-02,11,100,10,"100 lb || 10 reps","63"
"Barbell Bench Press",2013-08-02,12,100,10,"100 lb || 10 reps","63"
"Barbell Bench Press",2013-09-21,1,135,5,"135 lb || 5 reps","67"
"Barbell Bench Press",2013-09-21,2,185,3,"185 lb || 3 reps","76"
"Barbell Bench Press",2013-09-21,3,185,3,"185 lb || 3 reps","76"
"Barbell Bench Press",2013-09-21,4,185,3,"185 lb || 3 reps","76"
"Barbell Bench Press",2013-09-21,5,185,3,"185 lb || 3 reps","76"
"Barbell Bench Press",2013-09-21,6,185,3,"185 lb || 3 reps","76"
"Barbell Bench Press",2013-09-21,7,185,3,"185 lb || 3 reps","76"
"Barbell Bench Press",2013-09-21,8,185,3,"185 lb || 3 reps","76"
"Barbell Bench Press",2013-09-21,9,185,3,"185 lb || 3 reps","76"
"Barbell Bench Press",2013-09-21,10,185,8,"185 lb || 8 reps","107"
"Barbell Bench Press",2013-09-28,1,45,5,"45 lb || 5 reps","36"
"Barbell Bench Press",2013-09-28,2,135,5,"135 lb || 5 reps","67"
"Barbell Bench Press",2013-09-28,3,185,3,"185 lb || 3 reps","76"
"Barbell Bench Press",2013-09-28,4,185,3,"185 lb || 3 reps","76"
"Barbell Bench Press",2013-09-28,5,185,3,"185 lb || 3 reps","76"
"Barbell Bench Press",2013-09-28,6,185,3,"185 lb || 3 reps","76"
"Barbell Bench Press",2013-09-28,7,185,3,"185 lb || 3 reps","76"
"Barbell Bench Press",2013-09-28,8,185,3,"185 lb || 3 reps","76"
"Barbell Bench Press",2013-09-28,9,185,3,"185 lb || 3 reps","76"
"Barbell Bench Press",2013-09-28,10,185,5,"185 lb || 5 reps","94"
"Barbell Bench Press",2013-10-05,1,45,5,"45 lb || 5 reps","36"
"Barbell Bench Press",2013-10-05,2,135,5,"135 lb || 5 reps","67"
"Barbell Bench Press",2013-10-05,3,185,1,"185 lb || 1 reps","52"
"Barbell Bench Press",2013-10-05,4,195,3,"195 lb || 3 reps","81"
"Barbell Bench Press",2013-10-05,5,195,3,"195 lb || 3 reps","81"
"Barbell Bench Press",2013-10-05,6,195,3,"195 lb || 3 reps","81"
"Barbell Bench Press",2013-10-05,7,195,3,"195 lb || 3 reps","81"
"Barbell Bench Press",2013-10-05,8,195,4,"195 lb || 4 reps","92"
"Barbell Bench Press",2013-10-05,9,195,3,"195 lb || 3 reps","81"
"Barbell Bench Press",2013-10-05,10,195,3,"195 lb || 3 reps","81"
"Barbell Bench Press",2013-10-05,11,195,3,"195 lb || 3 reps","81"
"Barbell Bench Press",2013-10-12,1,135,5,"135 lb || 5 reps","67"
"Barbell Bench Press",2013-10-12,2,200,3,"200 lb || 3 reps","84"
"Barbell Bench Press",2013-10-12,3,200,3,"200 lb || 3 reps","84"
"Barbell Bench Press",2013-10-12,4,200,3,"200 lb || 3 reps","84"
"Barbell Bench Press",2013-10-12,5,200,3,"200 lb || 3 reps","84"
"Barbell Bench Press",2013-10-12,6,200,3,"200 lb || 3 reps","84"
"Barbell Bench Press",2013-10-12,7,200,3,"200 lb || 3 reps","84"
"Barbell Bench Press",2013-11-30,29,135,20,"135 lb || 20 reps","89"
"Barbell Bench Press",2013-11-30,30,135,20,"135 lb || 20 reps","89"
"Barbell Bench Press",2013-11-30,31,135,18,"135 lb || 18 reps","87"
"Barbell Bench Press",2013-11-30,32,135,15,"135 lb || 15 reps","84"
"Barbell Bench Press",2013-11-30,33,135,14,"135 lb || 14 reps","83"
"Barbell Bench Press",2014-02-14,5,45,10,"45 lb || 10 reps","43"
"Barbell Bench Press",2014-02-14,6,95,5,"95 lb || 5 reps","51"
"Barbell Bench Press",2014-02-14,7,115,5,"115 lb || 5 reps","59"
"Barbell Bench Press",2014-02-14,8,125,3,"125 lb || 3 reps","50"
"Barbell Bench Press",2014-02-14,9,135,10,"135 lb || 10 reps","79"
"Barbell Bench Press",2014-02-14,10,135,10,"135 lb || 10 reps","79"
"Barbell Bench Press",2014-02-14,11,135,10,"135 lb || 10 reps","79"
"Barbell Bench Press",2014-02-14,12,135,10,"135 lb || 10 reps","79"
"Barbell Bench Press",2014-02-14,13,135,10,"135 lb || 10 reps","79"
"Barbell Bench Press",2014-02-22,13,45,5,"45 lb || 5 reps","36"
"Barbell Bench Press",2014-02-22,14,95,5,"95 lb || 5 reps","51"
"Barbell Bench Press",2014-02-22,15,145,10,"145 lb || 10 reps","85"
"Barbell Bench Press",2014-02-22,16,145,10,"145 lb || 10 reps","85"
"Barbell Bench Press",2014-02-22,17,145,10,"145 lb || 10 reps","85"
"Barbell Bench Press",2014-02-22,18,145,10,"145 lb || 10 reps","85"
"Barbell Bench Press",2014-02-22,19,145,10,"145 lb || 10 reps","85"
"Barbell Bench Press",2014-03-27,1,45,5,"45 lb || 5 reps","36"
"Barbell Bench Press",2014-03-27,2,95,5,"95 lb || 5 reps","51"
"Barbell Bench Press",2014-03-27,3,135,5,"135 lb || 5 reps","67"
"Barbell Bench Press",2014-03-27,4,135,5,"135 lb || 5 reps","67"
"Barbell Bench Press",2014-03-27,5,135,5,"135 lb || 5 reps","67"
"Barbell Bench Press",2014-03-27,6,135,5,"135 lb || 5 reps","67"
"Barbell Bench Press",2014-03-27,7,135,5,"135 lb || 5 reps","67"
"Barbell Bench Press",2014-03-27,8,135,5,"135 lb || 5 reps","67"
"Barbell Bench Press",2014-03-27,9,135,5,"135 lb || 5 reps","67"
"Barbell Bench Press",2014-04-04,1,45,5,"45 lb || 5 reps","36"
"Barbell Bench Press",2014-04-04,2,95,5,"95 lb || 5 reps","51"
"Barbell Bench Press",2014-04-04,3,135,2,"135 lb || 2 reps","45"
"Barbell Bench Press",2014-04-04,4,155,5,"155 lb || 5 reps","77"
"Barbell Bench Press",2014-04-04,5,155,5,"155 lb || 5 reps","77"
"Barbell Bench Press",2014-04-04,6,155,5,"155 lb || 5 reps","77"
"Barbell Bench Press",2014-04-04,7,155,5,"155 lb || 5 reps","77"
"Barbell Bench Press",2014-04-04,8,155,5,"155 lb || 5 reps","77"
"Barbell Bench Press",2014-04-04,9,155,5,"155 lb || 5 reps","77"
"Barbell Bench Press",2014-04-04,10,155,5,"155 lb || 5 reps","77"
"Barbell Bench Press",2014-04-18,5,135,5,"135 lb || 5 reps","67"
"Barbell Bench Press",2014-04-18,6,160,10,"160 lb || 10 reps","94"
"Barbell Bench Press",2014-04-18,7,160,10,"160 lb || 10 reps","94"
"Barbell Bench Press",2014-04-18,8,160,10,"160 lb || 10 reps","94"
"Barbell Bench Press",2014-04-18,9,160,10,"160 lb || 10 reps","94"
"Barbell Bench Press",2014-04-18,10,160,10,"160 lb || 10 reps","94"
"Barbell Bench Press",2014-04-23,5,45,5,"45 lb || 5 reps","36"
"Barbell Bench Press",2014-04-23,6,95,3,"95 lb || 3 reps","41"
"Barbell Bench Press",2014-04-23,7,135,2,"135 lb || 2 reps","45"
"Barbell Bench Press",2014-04-23,8,155,2,"155 lb || 2 reps","52"
"Barbell Bench Press",2014-04-23,9,175,1,"175 lb || 1 reps","48"
"Barbell Bench Press",2014-04-23,10,200,1,"200 lb || 1 reps","57"
"Barbell Bench Press",2014-04-23,11,135,17,"135 lb || 17 reps","86"
"Barbell Bench Press",2014-04-23,12,135,15,"135 lb || 15 reps","84"
"Barbell Bench Press",2014-04-23,13,135,15,"135 lb || 15 reps","84"
"Barbell Bench Press",2014-05-15,1,45,5,"45 lb || 5 reps","36"
"Barbell Bench Press",2014-05-15,2,135,5,"135 lb || 5 reps","67"
"Barbell Bench Press",2014-05-15,3,155,2,"155 lb || 2 reps","52"
"Barbell Bench Press",2014-05-15,4,165,5,"165 lb || 5 reps","82"
"Barbell Bench Press",2014-05-15,5,165,5,"165 lb || 5 reps","82"
"Barbell Bench Press",2014-05-15,6,165,5,"165 lb || 5 reps","82"
"Barbell Bench Press",2014-05-15,7,165,5,"165 lb || 5 reps","82"
"Barbell Bench Press",2014-05-15,8,165,5,"165 lb || 5 reps","82"
"Barbell Bench Press",2014-05-15,9,165,5,"165 lb || 5 reps","82"
"Barbell Bench Press",2014-05-15,10,165,5,"165 lb || 5 reps","82"
"Barbell Bench Press",2014-06-01,1,45,5,"45 lb || 5 reps","36"
"Barbell Bench Press",2014-06-01,2,95,3,"95 lb || 3 reps","41"
"Barbell Bench Press",2014-06-01,3,135,2,"135 lb || 2 reps","45"
"Barbell Bench Press",2014-06-01,4,155,5,"155 lb || 5 reps","77"
"Barbell Bench Press",2014-06-01,5,155,5,"155 lb || 5 reps","77"
"Barbell Bench Press",2014-06-01,6,155,5,"155 lb || 5 reps","77"
"Barbell Bench Press",2014-06-01,7,155,5,"155 lb || 5 reps","77"
"Barbell Bench Press",2014-06-01,8,155,5,"155 lb || 5 reps","77"
"Barbell Bench Press",2014-06-01,9,155,5,"155 lb || 5 reps","77"
"Barbell Bench Press",2014-06-01,10,155,5,"155 lb || 5 reps","77"
"Barbell Bench Press",2014-06-21,1,45,5,"45 lb || 5 reps","36"
"Barbell Bench Press",2014-06-21,2,95,5,"95 lb || 5 reps","51"
"Barbell Bench Press",2014-06-21,3,110,5,"110 lb || 5 reps","57"
"Barbell Bench Press",2014-06-21,4,135,5,"135 lb || 5 reps","67"
"Barbell Bench Press",2014-06-21,5,140,5,"140 lb || 5 reps","70"
"Barbell Bench Press",2014-06-21,6,160,5,"160 lb || 5 reps","80"
"Barbell Bench Press",2014-06-21,7,180,5,"180 lb || 5 reps","91"
"Barbell Bench Press",2014-06-21,8,80,10,"80 lb || 10 reps","55"
"Barbell Bench Press",2014-06-21,9,80,10,"80 lb || 10 reps","55"
"Barbell Bench Press",2014-06-21,10,80,10,"80 lb || 10 reps","55"
"Barbell Bench Press",2014-06-21,11,80,10,"80 lb || 10 reps","55"
"Barbell Bench Press",2014-06-21,12,80,10,"80 lb || 10 reps","55"
"Barbell Bench Press",2014-06-27,14,45,5,"45 lb || 5 reps","36"
"Barbell Bench Press",2014-06-27,15,95,5,"95 lb || 5 reps","51"
"Barbell Bench Press",2014-06-27,16,135,5,"135 lb || 5 reps","67"
"Barbell Bench Press",2014-06-27,17,155,3,"155 lb || 3 reps","62"
"Barbell Bench Press",2014-06-27,18,170,3,"170 lb || 3 reps","68"
"Barbell Bench Press",2014-06-27,19,195,3,"195 lb || 3 reps","81"
"Barbell Bench Press",2014-06-27,20,75,10,"75 lb || 10 reps","53"
"Barbell Bench Press",2014-06-27,21,75,10,"75 lb || 10 reps","53"
"Barbell Bench Press",2014-06-27,22,75,10,"75 lb || 10 reps","53"
"Barbell Bench Press",2014-06-27,23,75,10,"75 lb || 10 reps","53"
"Barbell Bench Press",2014-06-27,24,75,10,"75 lb || 10 reps","53"
"Barbell Bench Press",2014-07-04,9,95,5,"95 lb || 5 reps","51"
"Barbell Bench Press",2014-07-04,10,110,5,"110 lb || 5 reps","57"
"Barbell Bench Press",2014-07-04,11,135,3,"135 lb || 3 reps","54"
"Barbell Bench Press",2014-07-04,12,160,5,"160 lb || 5 reps","80"
"Barbell Bench Press",2014-07-04,13,180,3,"180 lb || 3 reps","73"
"Barbell Bench Press",2014-07-04,14,205,2,"205 lb || 2 reps","73"
"Barbell Bench Press",2014-07-04,17,85,10,"85 lb || 10 reps","57"
"Barbell Bench Press",2014-07-04,18,85,10,"85 lb || 10 reps","57"
"Barbell Bench Press",2014-07-04,19,85,10,"85 lb || 10 reps","57"
"Barbell Bench Press",2014-07-11,5,45,5,"45 lb || 5 reps","36"
"Barbell Bench Press",2014-07-11,6,85,5,"85 lb || 5 reps","48"
"Barbell Bench Press",2014-07-11,7,105,5,"105 lb || 5 reps","55"
"Barbell Bench Press",2014-07-11,8,135,5,"135 lb || 5 reps","67"
"Barbell Bench Press",2014-07-18,19,45,5,"45 lb || 5 reps","36"
"Barbell Bench Press",2014-07-18,20,95,5,"95 lb || 5 reps","51"
"Barbell Bench Press",2014-07-18,21,110,5,"110 lb || 5 reps","57"
"Barbell Bench Press",2014-07-18,22,135,3,"135 lb || 3 reps","54"
"Barbell Bench Press",2014-07-18,23,145,5,"145 lb || 5 reps","72"
"Barbell Bench Press",2014-07-18,24,165,5,"165 lb || 5 reps","82"
"Barbell Bench Press",2014-07-18,25,185,5,"185 lb || 5 reps","94"
"Barbell Bench Press",2014-07-18,26,95,10,"95 lb || 10 reps","60"
"Barbell Bench Press",2014-07-18,27,95,10,"95 lb || 10 reps","60"
"Barbell Bench Press",2014-07-18,28,95,10,"95 lb || 10 reps","60"
"Barbell Bench Press",2014-07-18,29,95,10,"95 lb || 10 reps","60"
"Barbell Bench Press",2014-07-18,30,95,10,"95 lb || 10 reps","60"
"Barbell Bench Press",2014-07-25,8,45,5,"45 lb || 5 reps","36"
"Barbell Bench Press",2014-07-25,9,95,5,"95 lb || 5 reps","51"
"Barbell Bench Press",2014-07-25,10,135,5,"135 lb || 5 reps","67"
"Barbell Bench Press",2014-07-25,11,155,3,"155 lb || 3 reps","62"
"Barbell Bench Press",2014-07-25,12,175,3,"175 lb || 3 reps","71"
"Barbell Bench Press",2014-07-25,13,195,3,"195 lb || 3 reps","81"
"Barbell Bench Press",2014-07-25,14,85,10,"85 lb || 10 reps","57"
"Barbell Bench Press",2014-07-25,15,85,10,"85 lb || 10 reps","57"
"Barbell Bench Press",2014-07-25,16,85,10,"85 lb || 10 reps","57"
"Barbell Bench Press",2014-07-25,17,85,10,"85 lb || 10 reps","57"
"Barbell Bench Press",2014-07-25,18,85,10,"85 lb || 10 reps","57"
"Barbell Bench Press",2014-08-01,11,95,5,"95 lb || 5 reps","51"
"Barbell Bench Press",2014-08-01,12,135,3,"135 lb || 3 reps","54"
"Barbell Bench Press",2014-08-01,13,165,5,"165 lb || 5 reps","82"
"Barbell Bench Press",2014-08-01,14,185,3,"185 lb || 3 reps","76"
"Barbell Bench Press",2014-08-01,15,210,3,"210 lb || 3 reps","90"
"Barbell Bench Press",2014-08-08,1,45,5,"45 lb || 5 reps","36"
"Barbell Bench Press",2014-08-08,2,95,5,"95 lb || 5 reps","51"
"Barbell Bench Press",2014-08-08,3,135,5,"135 lb || 5 reps","67"
"Barbell Bench Press",2014-08-08,4,135,5,"135 lb || 5 reps","67"
"Barbell Bench Press",2014-08-08,5,135,5,"135 lb || 5 reps","67"
"Barbell Bench Press",2014-08-08,6,135,5,"135 lb || 5 reps","67"
"Barbell Bench Press",2014-08-08,7,135,5,"135 lb || 5 reps","67"
"Barbell Bench Press",2014-08-14,1,95,5,"95 lb || 5 reps","51"
"Barbell Bench Press",2014-08-14,2,135,5,"135 lb || 5 reps","67"
"Barbell Bench Press",2014-08-14,3,175,10,"175 lb || 10 reps","104"
"Barbell Bench Press",2014-08-14,4,175,10,"175 lb || 10 reps","104"
"Barbell Bench Press",2014-08-14,5,175,10,"175 lb || 10 reps","104"
"Barbell Bench Press",2014-08-14,8,155,8,"155 lb || 8 reps","88"
"Barbell Bench Press",2014-08-14,9,155,6,"155 lb || 6 reps","82"
"Barbell Bench Press",2014-08-19,1,45,5,"45 lb || 5 reps","36"
"Barbell Bench Press",2014-08-19,2,95,5,"95 lb || 5 reps","51"
"Barbell Bench Press",2014-08-19,3,135,3,"135 lb || 3 reps","54"
"Barbell Bench Press",2014-08-19,4,190,2,"190 lb || 2 reps","66"
"Barbell Bench Press",2014-08-19,5,190,2,"190 lb || 2 reps","66"
"Barbell Bench Press",2014-08-19,6,190,2,"190 lb || 2 reps","66"
"Barbell Bench Press",2014-08-19,7,190,2,"190 lb || 2 reps","66"
"Barbell Bench Press",2014-08-19,8,190,2,"190 lb || 2 reps","66"
"Barbell Bench Press",2014-08-19,11,185,6,"185 lb || 6 reps","100"
"Barbell Bench Press",2014-08-19,12,185,6,"185 lb || 6 reps","100"
"Barbell Bench Press",2014-08-28,6,95,5,"95 lb || 5 reps","51"
"Barbell Bench Press",2014-08-28,7,135,5,"135 lb || 5 reps","67"
"Barbell Bench Press",2014-08-28,8,155,3,"155 lb || 3 reps","62"
"Barbell Bench Press",2014-08-28,9,155,3,"155 lb || 3 reps","62"
"Barbell Bench Press",2014-08-28,10,155,3,"155 lb || 3 reps","62"
"Barbell Bench Press",2014-08-28,11,155,3,"155 lb || 3 reps","62"
"Barbell Bench Press",2014-08-28,12,155,3,"155 lb || 3 reps","62"
"Barbell Bench Press",2014-08-28,13,155,3,"155 lb || 3 reps","62"
"Barbell Bench Press",2014-08-28,14,155,3,"155 lb || 3 reps","62"
"Barbell Bench Press",2014-08-28,15,155,3,"155 lb || 3 reps","62"
"Barbell Bench Press",2014-08-28,18,145,8,"145 lb || 8 reps","82"
"Barbell Bench Press",2014-08-28,19,145,8,"145 lb || 8 reps","82"
"Barbell Bench Press",2014-08-28,20,145,8,"145 lb || 8 reps","82"
"Barbell Bench Press",2014-09-04,1,95,5,"95 lb || 5 reps","51"
"Barbell Bench Press",2014-09-04,2,135,5,"135 lb || 5 reps","67"
"Barbell Bench Press",2014-09-04,3,195,5,"195 lb || 5 reps","101"
"Barbell Bench Press",2014-09-04,4,195,5,"195 lb || 5 reps","101"
"Barbell Bench Press",2014-09-04,5,195,5,"195 lb || 5 reps","101"
"Barbell Bench Press",2014-09-04,9,185,6,"185 lb || 6 reps","100"
"Barbell Bench Press",2014-09-04,10,185,6,"185 lb || 6 reps","100"
"Barbell Bench Press",2014-09-10,6,45,5,"45 lb || 5 reps","36"
"Barbell Bench Press",2014-09-10,7,95,5,"95 lb || 5 reps","51"
"Barbell Bench Press",2014-09-10,8,135,3,"135 lb || 3 reps","54"
"Barbell Bench Press",2014-09-10,9,185,2,"185 lb || 2 reps","64"
"Barbell Bench Press",2014-09-10,10,205,2,"205 lb || 2 reps","73"
"Barbell Bench Press",2014-09-10,11,205,2,"205 lb || 2 reps","73"
"Barbell Bench Press",2014-09-10,12,205,2,"205 lb || 2 reps","73"
"Barbell Bench Press",2014-09-10,15,195,5,"195 lb || 5 reps","101"
"Barbell Bench Press",2014-09-10,16,195,5,"195 lb || 5 reps","101"
"Barbell Bench Press",2014-09-17,1,45,5,"45 lb || 5 reps","36"
"Barbell Bench Press",2014-09-17,2,95,5,"95 lb || 5 reps","51"
"Barbell Bench Press",2014-09-17,3,135,5,"135 lb || 5 reps","67"
"Barbell Bench Press",2014-09-17,4,175,2,"175 lb || 2 reps","60"
"Barbell Bench Press",2014-09-17,5,175,2,"175 lb || 2 reps","60"
"Barbell Bench Press",2014-09-17,6,175,2,"175 lb || 2 reps","60"
"Barbell Bench Press",2014-09-17,7,175,2,"175 lb || 2 reps","60"
"Barbell Bench Press",2014-09-17,8,175,2,"175 lb || 2 reps","60"
"Barbell Bench Press",2014-09-17,9,175,2,"175 lb || 2 reps","60"
"Barbell Bench Press",2014-09-17,12,155,6,"155 lb || 6 reps","82"
"Barbell Bench Press",2014-09-17,13,155,6,"155 lb || 6 reps","82"
"Barbell Bench Press",2014-09-17,14,155,6,"155 lb || 6 reps","82"
"Barbell Bench Press",2014-09-24,1,95,5,"95 lb || 5 reps","51"
"Barbell Bench Press",2014-09-24,2,135,3,"135 lb || 3 reps","54"
"Barbell Bench Press",2014-09-24,3,205,5,"205 lb || 5 reps","108"
"Barbell Bench Press",2014-09-24,4,205,5,"205 lb || 5 reps","108"
"Barbell Bench Press",2014-09-24,5,205,5,"205 lb || 5 reps","108"
"Barbell Bench Press",2014-09-24,8,205,4,"205 lb || 4 reps","99"
"Barbell Bench Press",2014-09-24,9,205,4,"205 lb || 4 reps","99"
"Barbell Bench Press",2014-10-01,6,95,5,"95 lb || 5 reps","51"
"Barbell Bench Press",2014-10-01,7,135,5,"135 lb || 5 reps","67"
"Barbell Bench Press",2014-10-01,8,185,2,"185 lb || 2 reps","64"
"Barbell Bench Press",2014-10-01,9,205,1,"205 lb || 1 reps","59"
"Barbell Bench Press",2014-10-01,10,215,2,"215 lb || 2 reps","78"
"Barbell Bench Press",2014-10-01,11,225,1,"225 lb || 1 reps","68"
"Barbell Bench Press",2014-10-01,12,235,1,"235 lb || 1 reps","72"
"Barbell Bench Press",2014-10-01,13,195,10,"195 lb || 10 reps","119"
"Barbell Bench Press",2014-10-09,6,45,5,"45 lb || 5 reps","36"
"Barbell Bench Press",2014-10-09,7,95,5,"95 lb || 5 reps","51"
"Barbell Bench Press",2014-10-09,8,135,3,"135 lb || 3 reps","54"
"Barbell Bench Press",2014-10-09,9,185,2,"185 lb || 2 reps","64"
"Barbell Bench Press",2014-10-09,10,185,2,"185 lb || 2 reps","64"
"Barbell Bench Press",2014-10-09,11,185,2,"185 lb || 2 reps","64"
"Barbell Bench Press",2014-10-09,12,185,2,"185 lb || 2 reps","64"
"Barbell Bench Press",2014-10-09,13,185,2,"185 lb || 2 reps","64"
"Barbell Bench Press",2014-10-09,17,185,6,"185 lb || 6 reps","100"
"Barbell Bench Press",2014-10-09,18,185,6,"185 lb || 6 reps","100"
"Barbell Bench Press",2014-10-09,19,185,6,"185 lb || 6 reps","100"
"Barbell Bench Press",2014-10-16,3,45,5,"45 lb || 5 reps","36"
"Barbell Bench Press",2014-10-16,4,95,2,"95 lb || 2 reps","35"
"Barbell Bench Press",2014-10-16,5,135,2,"135 lb || 2 reps","45"
"Barbell Bench Press",2014-10-16,6,185,1,"185 lb || 1 reps","52"
"Barbell Bench Press",2014-10-16,7,225,1,"225 lb || 1 reps","68"
"Barbell Bench Press",2014-10-16,8,255,1,"255 lb || 1 reps","83"
"Barbell Bench Press",2014-10-29,6,45,5,"45 lb || 5 reps","36"
"Barbell Bench Press",2014-10-29,7,95,5,"95 lb || 5 reps","51"
"Barbell Bench Press",2014-10-29,8,135,5,"135 lb || 5 reps","67"
"Barbell Bench Press",2014-10-29,9,155,5,"155 lb || 5 reps","77"
"Barbell Bench Press",2014-10-29,10,185,5,"185 lb || 5 reps","94"
"Barbell Bench Press",2014-10-29,11,205,8,"205 lb || 8 reps","123"
"Barbell Bench Press",2014-11-05,12,95,5,"95 lb || 5 reps","51"
"Barbell Bench Press",2014-11-05,13,135,5,"135 lb || 5 reps","67"
"Barbell Bench Press",2014-11-05,14,165,3,"165 lb || 3 reps","66"
"Barbell Bench Press",2014-11-05,15,185,3,"185 lb || 3 reps","76"
"Barbell Bench Press",2014-11-05,16,215,5,"215 lb || 5 reps","116"
"Barbell Bench Press",2014-11-13,6,95,5,"95 lb || 5 reps","51"
"Barbell Bench Press",2014-11-13,7,135,5,"135 lb || 5 reps","67"
"Barbell Bench Press",2014-11-13,8,175,5,"175 lb || 5 reps","88"
"Barbell Bench Press",2014-11-13,9,205,3,"205 lb || 3 reps","87"
"Barbell Bench Press",2014-11-13,10,225,3,"225 lb || 3 reps","99"
"Barbell Bench Press",2014-12-06,1,45,5,"45 lb || 5 reps","36"
"Barbell Bench Press",2014-12-06,2,95,5,"95 lb || 5 reps","51"
"Barbell Bench Press",2014-12-06,3,135,5,"135 lb || 5 reps","67"
"Barbell Bench Press",2014-12-06,4,145,5,"145 lb || 5 reps","72"
"Barbell Bench Press",2014-12-06,5,185,5,"185 lb || 5 reps","94"
"Barbell Bench Press",2014-12-06,6,205,9,"205 lb || 9 reps","125"
"Barbell Bench Press",2014-12-17,1,45,5,"45 lb || 5 reps","36"
"Barbell Bench Press",2014-12-17,2,95,5,"95 lb || 5 reps","51"
"Barbell Bench Press",2014-12-17,3,135,5,"135 lb || 5 reps","67"
"Barbell Bench Press",2014-12-17,4,145,3,"145 lb || 3 reps","58"
"Barbell Bench Press",2014-12-17,5,195,3,"195 lb || 3 reps","81"
"Barbell Bench Press",2014-12-17,6,215,4,"215 lb || 4 reps","106"
"Barbell Bench Press",2014-12-30,1,45,5,"45 lb || 5 reps","36"
"Barbell Bench Press",2014-12-30,2,95,5,"95 lb || 5 reps","51"
"Barbell Bench Press",2014-12-30,3,135,3,"135 lb || 3 reps","54"
"Barbell Bench Press",2014-12-30,4,145,5,"145 lb || 5 reps","72"
"Barbell Bench Press",2014-12-30,5,155,5,"155 lb || 5 reps","77"
"Barbell Bench Press",2014-12-30,6,185,5,"185 lb || 5 reps","94"
"Barbell Bench Press",2014-12-30,7,205,6,"205 lb || 6 reps","115"
"Barbell Bench Press",2015-01-08,5,45,5,"45 lb || 5 reps","36"
"Barbell Bench Press",2015-01-08,6,95,5,"95 lb || 5 reps","51"
"Barbell Bench Press",2015-01-08,7,135,5,"135 lb || 5 reps","67"
"Barbell Bench Press",2015-01-08,8,155,3,"155 lb || 3 reps","62"
"Barbell Bench Press",2015-01-08,9,185,3,"185 lb || 3 reps","76"
"Barbell Bench Press",2015-01-08,10,215,4,"215 lb || 4 reps","106"
"Barbell Bench Press",2015-01-15,3,45,5,"45 lb || 5 reps","36"
"Barbell Bench Press",2015-01-15,4,95,5,"95 lb || 5 reps","51"
"Barbell Bench Press",2015-01-15,5,115,5,"115 lb || 5 reps","59"
"Barbell Bench Press",2015-01-15,6,135,3,"135 lb || 3 reps","54"
"Barbell Bench Press",2015-01-15,7,175,5,"175 lb || 5 reps","88"
"Barbell Bench Press",2015-01-15,8,205,3,"205 lb || 3 reps","87"
"Barbell Bench Press",2015-01-15,9,225,2,"225 lb || 2 reps","84"
"Barbell Bench Press",2015-01-23,15,45,5,"45 lb || 5 reps","36"
"Barbell Bench Press",2015-01-23,16,95,5,"95 lb || 5 reps","51"
"Barbell Bench Press",2015-01-23,17,125,5,"125 lb || 5 reps","63"
"Barbell Bench Press",2015-01-23,18,145,5,"145 lb || 5 reps","72"
"Barbell Bench Press",2015-01-31,1,45,5,"45 lb || 5 reps","36"
"Barbell Bench Press",2015-01-31,2,95,5,"95 lb || 5 reps","51"
"Barbell Bench Press",2015-01-31,3,135,5,"135 lb || 5 reps","67"
"Barbell Bench Press",2015-01-31,4,185,8,"185 lb || 8 reps","107"
"Barbell Bench Press",2015-01-31,5,185,8,"185 lb || 8 reps","107"
"Barbell Bench Press",2015-01-31,6,185,8,"185 lb || 8 reps","107"
"Barbell Bench Press",2015-01-31,7,185,8,"185 lb || 8 reps","107"
"Barbell Bench Press",2015-01-31,8,185,8,"185 lb || 8 reps","107"
"Barbell Bench Press",2015-02-07,1,45,5,"45 lb || 5 reps","36"
"Barbell Bench Press",2015-02-07,2,95,5,"95 lb || 5 reps","51"
"Barbell Bench Press",2015-02-07,3,135,5,"135 lb || 5 reps","67"
"Barbell Bench Press",2015-02-07,4,185,9,"185 lb || 9 reps","109"
"Barbell Bench Press",2015-02-07,5,185,9,"185 lb || 9 reps","109"
"Barbell Bench Press",2015-02-07,6,185,9,"185 lb || 9 reps","109"
"Barbell Bench Press",2015-02-07,7,185,9,"185 lb || 9 reps","109"
"Barbell Bench Press",2015-02-07,8,185,9,"185 lb || 9 reps","109"
"Barbell Bench Press",2015-02-15,1,45,5,"45 lb || 5 reps","36"
"Barbell Bench Press",2015-02-15,2,135,5,"135 lb || 5 reps","67"
"Barbell Bench Press",2015-02-15,3,155,3,"155 lb || 3 reps","62"
"Barbell Bench Press",2015-02-15,4,185,10,"185 lb || 10 reps","111"
"Barbell Bench Press",2015-02-15,5,185,10,"185 lb || 10 reps","111"
"Barbell Bench Press",2015-02-15,6,185,7,"185 lb || 7 reps","104"
"Barbell Bench Press",2015-02-15,7,185,9,"185 lb || 9 reps","109"
"Barbell Bench Press",2015-02-15,8,185,9,"185 lb || 9 reps","109"
"Barbell Bench Press",2015-04-11,1,45,5,"45 lb || 5 reps","36"
"Barbell Bench Press",2015-04-11,2,95,5,"95 lb || 5 reps","51"
"Barbell Bench Press",2015-04-11,3,135,5,"135 lb || 5 reps","67"
"Barbell Bench Press",2015-04-11,4,155,5,"155 lb || 5 reps","77"
"Barbell Bench Press",2015-04-11,5,155,5,"155 lb || 5 reps","77"
"Barbell Bench Press",2015-04-11,6,155,5,"155 lb || 5 reps","77"
"Barbell Bench Press",2015-04-11,7,155,5,"155 lb || 5 reps","77"
"Barbell Bench Press",2015-04-11,8,155,5,"155 lb || 5 reps","77"
"Barbell Bench Press",2015-04-18,1,45,5,"45 lb || 5 reps","36"
"Barbell Bench Press",2015-04-18,2,95,5,"95 lb || 5 reps","51"
"Barbell Bench Press",2015-04-18,3,115,5,"115 lb || 5 reps","59"
"Barbell Bench Press",2015-04-18,4,135,5,"135 lb || 5 reps","67"
"Barbell Bench Press",2015-04-18,5,155,5,"155 lb || 5 reps","77"
"Barbell Bench Press",2015-04-18,6,170,5,"170 lb || 5 reps","85"
"Barbell Bench Press",2015-04-18,7,195,5,"195 lb || 5 reps","101"
"Barbell Bench Press",2015-04-18,8,220,6,"220 lb || 6 reps","127"
"Barbell Bench Press",2015-04-18,9,195,5,"195 lb || 5 reps","101"
"Barbell Bench Press",2015-04-18,10,170,10,"170 lb || 10 reps","101"
"Barbell Bench Press",2015-04-25,1,45,5,"45 lb || 5 reps","36"
"Barbell Bench Press",2015-04-25,2,95,5,"95 lb || 5 reps","51"
"Barbell Bench Press",2015-04-25,3,115,5,"115 lb || 5 reps","59"
"Barbell Bench Press",2015-04-25,4,135,5,"135 lb || 5 reps","67"
"Barbell Bench Press",2015-04-25,5,155,5,"155 lb || 5 reps","77"
"Barbell Bench Press",2015-04-25,6,165,3,"165 lb || 3 reps","66"
"Barbell Bench Press",2015-04-25,7,185,3,"185 lb || 3 reps","76"
"Barbell Bench Press",2015-04-25,8,210,5,"210 lb || 5 reps","112"
"Barbell Bench Press",2015-04-25,9,185,5,"185 lb || 5 reps","94"
"Barbell Bench Press",2015-04-25,10,165,10,"165 lb || 10 reps","97"
"Barbell Bench Press",2015-05-02,1,45,5,"45 lb || 5 reps","36"
"Barbell Bench Press",2015-05-02,2,95,5,"95 lb || 5 reps","51"
"Barbell Bench Press",2015-05-02,3,115,5,"115 lb || 5 reps","59"
"Barbell Bench Press",2015-05-02,4,135,5,"135 lb || 5 reps","67"
"Barbell Bench Press",2015-05-02,5,155,3,"155 lb || 3 reps","62"
"Barbell Bench Press",2015-05-02,6,175,5,"175 lb || 5 reps","88"
"Barbell Bench Press",2015-05-02,7,200,3,"200 lb || 3 reps","84"
"Barbell Bench Press",2015-05-02,8,215,4,"215 lb || 4 reps","106"
"Barbell Bench Press",2015-05-02,9,220,3,"220 lb || 3 reps","96"
"Barbell Bench Press",2015-05-02,10,200,3,"200 lb || 3 reps","84"
"Barbell Bench Press",2015-05-02,11,175,10,"175 lb || 10 reps","104"
"Barbell Bench Press",2015-05-08,3,45,5,"45 lb || 5 reps","36"
"Barbell Bench Press",2015-05-08,4,95,5,"95 lb || 5 reps","51"
"Barbell Bench Press",2015-05-08,5,115,5,"115 lb || 5 reps","59"
"Barbell Bench Press",2015-05-08,6,140,5,"140 lb || 5 reps","70"
"Barbell Bench Press",2015-05-13,1,45,5,"45 lb || 5 reps","36"
"Barbell Bench Press",2015-05-13,2,65,5,"65 lb || 5 reps","42"
"Barbell Bench Press",2015-05-13,3,95,5,"95 lb || 5 reps","51"
"Barbell Bench Press",2015-05-13,4,120,5,"120 lb || 5 reps","61"
"Barbell Bench Press",2015-05-13,5,135,5,"135 lb || 5 reps","67"
"Barbell Bench Press",2015-05-13,6,145,5,"145 lb || 5 reps","72"
"Barbell Bench Press",2015-05-13,7,155,5,"155 lb || 5 reps","77"
"Barbell Bench Press",2015-05-13,8,185,5,"185 lb || 5 reps","94"
"Barbell Bench Press",2015-05-13,9,205,7,"205 lb || 7 reps","120"
"Barbell Bench Press",2015-05-13,10,185,5,"185 lb || 5 reps","94"
"Barbell Bench Press",2015-05-13,11,155,12,"155 lb || 12 reps","93"
"Barbell Bench Press",2015-05-23,1,45,5,"45 lb || 5 reps","36"
"Barbell Bench Press",2015-05-23,2,95,5,"95 lb || 5 reps","51"
"Barbell Bench Press",2015-05-23,3,115,3,"115 lb || 3 reps","47"
"Barbell Bench Press",2015-05-23,4,135,3,"135 lb || 3 reps","54"
"Barbell Bench Press",2015-05-23,5,165,3,"165 lb || 3 reps","66"
"Barbell Bench Press",2015-05-23,6,190,3,"190 lb || 3 reps","78"
"Barbell Bench Press",2015-05-23,7,215,5,"215 lb || 5 reps","116"
"Barbell Bench Press",2015-05-23,8,190,3,"190 lb || 3 reps","78"
"Barbell Bench Press",2015-05-23,9,165,10,"165 lb || 10 reps","97"
"Barbell Bench Press",2015-05-30,1,45,10,"45 lb || 10 reps","43"
"Barbell Bench Press",2015-05-30,2,95,5,"95 lb || 5 reps","51"
"Barbell Bench Press",2015-05-30,3,115,5,"115 lb || 5 reps","59"
"Barbell Bench Press",2015-05-30,4,135,5,"135 lb || 5 reps","67"
"Barbell Bench Press",2015-05-30,5,155,3,"155 lb || 3 reps","62"
"Barbell Bench Press",2015-05-30,6,180,5,"180 lb || 5 reps","91"
"Barbell Bench Press",2015-05-30,7,200,3,"200 lb || 3 reps","84"
"Barbell Bench Press",2015-05-30,8,225,2,"225 lb || 2 reps","84"
"Barbell Bench Press",2015-05-30,9,200,3,"200 lb || 3 reps","84"
"Barbell Bench Press",2015-05-30,10,180,6,"180 lb || 6 reps","97"
"Barbell Bench Press",2015-06-04,5,45,5,"45 lb || 5 reps","36"
"Barbell Bench Press",2015-06-04,6,95,5,"95 lb || 5 reps","51"
"Barbell Bench Press",2015-06-04,7,120,5,"120 lb || 5 reps","61"
"Barbell Bench Press",2015-06-04,8,145,5,"145 lb || 5 reps","72"
"Barbell Bench Press",2015-06-13,1,45,5,"45 lb || 5 reps","36"
"Barbell Bench Press",2015-06-13,2,95,5,"95 lb || 5 reps","51"
"Barbell Bench Press",2015-06-13,3,115,5,"115 lb || 5 reps","59"
"Barbell Bench Press",2015-06-13,4,135,3,"135 lb || 3 reps","54"
"Barbell Bench Press",2015-06-13,5,160,5,"160 lb || 5 reps","80"
"Barbell Bench Press",2015-06-13,6,185,5,"185 lb || 5 reps","94"
"Barbell Bench Press",2015-06-13,7,205,8,"205 lb || 8 reps","123"
"Barbell Bench Press",2015-06-13,8,185,5,"185 lb || 5 reps","94"
"Barbell Bench Press",2015-06-13,9,160,10,"160 lb || 10 reps","94"
"Barbell Bench Press",2015-06-20,1,45,5,"45 lb || 5 reps","36"
"Barbell Bench Press",2015-06-20,2,95,5,"95 lb || 5 reps","51"
"Barbell Bench Press",2015-06-20,3,115,3,"115 lb || 3 reps","47"
"Barbell Bench Press",2015-06-20,4,135,3,"135 lb || 3 reps","54"
"Barbell Bench Press",2015-06-20,5,155,3,"155 lb || 3 reps","62"
"Barbell Bench Press",2015-06-20,6,170,3,"170 lb || 3 reps","68"
"Barbell Bench Press",2015-06-20,7,195,3,"195 lb || 3 reps","81"
"Barbell Bench Press",2015-06-20,8,215,5,"215 lb || 5 reps","116"
"Barbell Bench Press",2015-06-20,9,195,3,"195 lb || 3 reps","81"
"Barbell Bench Press",2015-06-20,10,170,7,"170 lb || 7 reps","94"
"Barbell Bench Press",2015-06-25,12,45,5,"45 lb || 5 reps","36"
"Barbell Bench Press",2015-06-25,13,95,5,"95 lb || 5 reps","51"
"Barbell Bench Press",2015-06-25,14,135,3,"135 lb || 3 reps","54"
"Barbell Bench Press",2015-06-25,15,165,3,"165 lb || 3 reps","66"
"Barbell Bench Press",2015-06-25,16,180,5,"180 lb || 5 reps","91"
"Barbell Bench Press",2015-06-25,17,205,3,"205 lb || 3 reps","87"
"Barbell Bench Press",2015-06-25,18,230,3,"230 lb || 3 reps","103"
"Barbell Bench Press",2015-06-25,19,205,3,"205 lb || 3 reps","87"
"Barbell Bench Press",2015-06-25,20,180,8,"180 lb || 8 reps","104"
"Barbell Bench Press",2015-07-08,3,45,5,"45 lb || 5 reps","36"
"Barbell Bench Press",2015-07-08,4,95,5,"95 lb || 5 reps","51"
"Barbell Bench Press",2015-07-08,5,115,3,"115 lb || 3 reps","47"
"Barbell Bench Press",2015-07-08,6,135,3,"135 lb || 3 reps","54"
"Barbell Bench Press",2015-07-08,7,155,3,"155 lb || 3 reps","62"
"Barbell Bench Press",2015-07-08,8,175,12,"175 lb || 12 reps","107"
"Barbell Bench Press",2015-07-08,9,175,10,"175 lb || 10 reps","104"
"Barbell Bench Press",2015-07-08,10,175,10,"175 lb || 10 reps","104"
"Barbell Bench Press",2015-07-08,13,165,10,"165 lb || 10 reps","97"
"Barbell Bench Press",2015-07-08,14,165,10,"165 lb || 10 reps","97"
"Barbell Bench Press",2015-07-15,3,45,5,"45 lb || 5 reps","36"
"Barbell Bench Press",2015-07-15,4,95,5,"95 lb || 5 reps","51"
"Barbell Bench Press",2015-07-15,5,115,5,"115 lb || 5 reps","59"
"Barbell Bench Press",2015-07-15,6,135,3,"135 lb || 3 reps","54"
"Barbell Bench Press",2015-07-15,7,165,3,"165 lb || 3 reps","66"
"Barbell Bench Press",2015-07-15,8,185,3,"185 lb || 3 reps","76"
"Barbell Bench Press",2015-07-15,9,205,2,"205 lb || 2 reps","73"
"Barbell Bench Press",2015-07-15,10,205,2,"205 lb || 2 reps","73"
"Barbell Bench Press",2015-07-15,11,205,2,"205 lb || 2 reps","73"
"Barbell Bench Press",2015-07-15,12,205,2,"205 lb || 2 reps","73"
"Barbell Bench Press",2015-07-15,13,205,2,"205 lb || 2 reps","73"
"Barbell Bench Press",2015-07-15,16,190,6,"190 lb || 6 reps","104"
"Barbell Bench Press",2015-07-15,17,190,6,"190 lb || 6 reps","104"
"Barbell Bench Press",2015-07-23,4,45,5,"45 lb || 5 reps","36"
"Barbell Bench Press",2015-07-23,5,95,5,"95 lb || 5 reps","51"
"Barbell Bench Press",2015-07-23,6,135,3,"135 lb || 3 reps","54"
"Barbell Bench Press",2015-07-23,7,165,3,"165 lb || 3 reps","66"
"Barbell Bench Press",2015-07-23,8,165,3,"165 lb || 3 reps","66"
"Barbell Bench Press",2015-07-23,9,165,3,"165 lb || 3 reps","66"
"Barbell Bench Press",2015-07-23,10,165,3,"165 lb || 3 reps","66"
"Barbell Bench Press",2015-07-23,11,165,3,"165 lb || 3 reps","66"
"Barbell Bench Press",2015-07-23,12,165,3,"165 lb || 3 reps","66"
"Barbell Bench Press",2015-07-23,13,165,3,"165 lb || 3 reps","66"
"Barbell Bench Press",2015-07-23,14,165,3,"165 lb || 3 reps","66"
"Barbell Bench Press",2015-07-30,4,45,5,"45 lb || 5 reps","36"
"Barbell Bench Press",2015-07-30,5,65,5,"65 lb || 5 reps","42"
"Barbell Bench Press",2015-07-30,6,95,3,"95 lb || 3 reps","41"
"Barbell Bench Press",2015-07-30,7,135,3,"135 lb || 3 reps","54"
"Barbell Bench Press",2015-07-30,8,165,3,"165 lb || 3 reps","66"
"Barbell Bench Press",2015-07-30,9,185,2,"185 lb || 2 reps","64"
"Barbell Bench Press",2015-07-30,10,200,7,"200 lb || 7 reps","116"
"Barbell Bench Press",2015-07-30,11,200,7,"200 lb || 7 reps","116"
"Barbell Bench Press",2015-07-30,12,200,7,"200 lb || 7 reps","116"
"Barbell Bench Press",2015-07-30,15,190,6,"190 lb || 6 reps","104"
"Barbell Bench Press",2015-07-30,16,190,6,"190 lb || 6 reps","104"
"Barbell Bench Press",2015-08-06,5,45,5,"45 lb || 5 reps","36"
"Barbell Bench Press",2015-08-06,6,95,5,"95 lb || 5 reps","51"
"Barbell Bench Press",2015-08-06,7,135,3,"135 lb || 3 reps","54"
"Barbell Bench Press",2015-08-06,8,165,3,"165 lb || 3 reps","66"
"Barbell Bench Press",2015-08-06,9,185,3,"185 lb || 3 reps","76"
"Barbell Bench Press",2015-08-06,10,200,3,"200 lb || 3 reps","84"
"Barbell Bench Press",2015-08-06,11,210,2,"210 lb || 2 reps","76"
"Barbell Bench Press",2015-08-06,12,210,2,"210 lb || 2 reps","76"
"Barbell Bench Press",2015-08-06,13,210,2,"210 lb || 2 reps","76"
"Barbell Bench Press",2015-08-06,16,200,5,"200 lb || 5 reps","104"
"Barbell Bench Press",2015-08-06,17,200,5,"200 lb || 5 reps","104"
"Barbell Bench Press",2015-08-13,5,45,5,"45 lb || 5 reps","36"
"Barbell Bench Press",2015-08-13,6,95,5,"95 lb || 5 reps","51"
"Barbell Bench Press",2015-08-13,7,115,3,"115 lb || 3 reps","47"
"Barbell Bench Press",2015-08-13,8,135,3,"135 lb || 3 reps","54"
"Barbell Bench Press",2015-08-13,9,155,3,"155 lb || 3 reps","62"
"Barbell Bench Press",2015-08-13,10,175,2,"175 lb || 2 reps","60"
"Barbell Bench Press",2015-08-13,11,175,2,"175 lb || 2 reps","60"
"Barbell Bench Press",2015-08-13,12,175,2,"175 lb || 2 reps","60"
"Barbell Bench Press",2015-08-13,13,175,2,"175 lb || 2 reps","60"
"Barbell Bench Press",2015-08-13,14,175,2,"175 lb || 2 reps","60"
"Barbell Bench Press",2015-08-13,15,175,2,"175 lb || 2 reps","60"
"Barbell Bench Press",2015-08-13,18,165,6,"165 lb || 6 reps","88"
"Barbell Bench Press",2015-08-13,19,165,6,"165 lb || 6 reps","88"
"Barbell Bench Press",2015-08-13,20,165,6,"165 lb || 6 reps","88"
"Barbell Bench Press",2015-08-20,5,45,5,"45 lb || 5 reps","36"
"Barbell Bench Press",2015-08-20,6,95,5,"95 lb || 5 reps","51"
"Barbell Bench Press",2015-08-20,7,115,5,"115 lb || 5 reps","59"
"Barbell Bench Press",2015-08-20,8,135,3,"135 lb || 3 reps","54"
"Barbell Bench Press",2015-08-20,9,155,3,"155 lb || 3 reps","62"
"Barbell Bench Press",2015-08-20,10,185,3,"185 lb || 3 reps","76"
"Barbell Bench Press",2015-08-20,11,205,2,"205 lb || 2 reps","73"
"Barbell Bench Press",2015-08-20,12,210,5,"210 lb || 5 reps","112"
"Barbell Bench Press",2015-08-20,13,210,5,"210 lb || 5 reps","112"
"Barbell Bench Press",2015-08-20,14,210,5,"210 lb || 5 reps","112"
"Barbell Bench Press",2015-08-20,17,200,3,"200 lb || 3 reps","84"
"Barbell Bench Press",2015-08-20,18,200,3,"200 lb || 3 reps","84"
"Barbell Bench Press",2015-08-26,3,45,5,"45 lb || 5 reps","36"
"Barbell Bench Press",2015-08-26,4,95,5,"95 lb || 5 reps","51"
"Barbell Bench Press",2015-08-26,5,135,3,"135 lb || 3 reps","54"
"Barbell Bench Press",2015-08-26,6,165,3,"165 lb || 3 reps","66"
"Barbell Bench Press",2015-08-26,7,185,3,"185 lb || 3 reps","76"
"Barbell Bench Press",2015-08-26,8,205,3,"205 lb || 3 reps","87"
"Barbell Bench Press",2015-08-26,9,225,2,"225 lb || 2 reps","84"
"Barbell Bench Press",2015-08-26,10,230,1,"230 lb || 1 reps","70"
"Barbell Bench Press",2015-08-26,11,235,1,"235 lb || 1 reps","72"
"Barbell Bench Press",2015-08-26,12,200,7,"200 lb || 7 reps","116"
"Barbell Bench Press",2015-09-03,3,45,5,"45 lb || 5 reps","36"
"Barbell Bench Press",2015-09-03,4,95,5,"95 lb || 5 reps","51"
"Barbell Bench Press",2015-09-03,5,115,3,"115 lb || 3 reps","47"
"Barbell Bench Press",2015-09-03,6,135,3,"135 lb || 3 reps","54"
"Barbell Bench Press",2015-09-03,7,155,3,"155 lb || 3 reps","62"
"Barbell Bench Press",2015-09-03,8,185,3,"185 lb || 3 reps","76"
"Barbell Bench Press",2015-09-03,9,190,2,"190 lb || 2 reps","66"
"Barbell Bench Press",2015-09-03,10,190,2,"190 lb || 2 reps","66"
"Barbell Bench Press",2015-09-03,11,190,2,"190 lb || 2 reps","66"
"Barbell Bench Press",2015-09-03,12,190,2,"190 lb || 2 reps","66"
"Barbell Bench Press",2015-09-03,13,190,2,"190 lb || 2 reps","66"
"Barbell Bench Press",2015-09-03,17,175,6,"175 lb || 6 reps","94"
"Barbell Bench Press",2015-09-03,18,175,6,"175 lb || 6 reps","94"
"Barbell Bench Press",2015-09-03,19,175,6,"175 lb || 6 reps","94"
"Barbell Bench Press",2015-09-10,3,45,5,"45 lb || 5 reps","36"
"Barbell Bench Press",2015-09-10,4,95,5,"95 lb || 5 reps","51"
"Barbell Bench Press",2015-09-10,5,115,3,"115 lb || 3 reps","47"
"Barbell Bench Press",2015-09-10,6,135,2,"135 lb || 2 reps","45"
"Barbell Bench Press",2015-09-10,7,155,2,"155 lb || 2 reps","52"
"Barbell Bench Press",2015-09-10,8,185,1,"185 lb || 1 reps","52"
"Barbell Bench Press",2015-09-10,9,225,1,"225 lb || 1 reps","68"
"Barbell Bench Press",2015-09-10,10,245,1,"245 lb || 1 reps","77"
"Barbell Bench Press",2015-09-10,11,255,1,"255 lb || 1 reps","83"
"Barbell Bench Press",2015-09-17,3,45,5,"45 lb || 5 reps","36"
"Barbell Bench Press",2015-09-17,4,95,5,"95 lb || 5 reps","51"
"Barbell Bench Press",2015-09-17,5,135,5,"135 lb || 5 reps","67"
"Barbell Bench Press",2015-09-17,6,135,5,"135 lb || 5 reps","67"
"Barbell Bench Press",2015-09-17,7,135,5,"135 lb || 5 reps","67"
"Barbell Bench Press",2015-09-17,8,135,5,"135 lb || 5 reps","67"
"Barbell Bench Press",2015-09-17,9,135,5,"135 lb || 5 reps","67"
"Barbell Bench Press",2015-09-24,5,45,5,"45 lb || 5 reps","36"
"Barbell Bench Press",2015-09-24,6,95,5,"95 lb || 5 reps","51"
"Barbell Bench Press",2015-09-24,7,135,3,"135 lb || 3 reps","54"
"Barbell Bench Press",2015-09-24,8,155,3,"155 lb || 3 reps","62"
"Barbell Bench Press",2015-09-24,9,180,10,"180 lb || 10 reps","108"
"Barbell Bench Press",2015-09-24,10,180,10,"180 lb || 10 reps","108"
"Barbell Bench Press",2015-09-24,11,180,10,"180 lb || 10 reps","108"
"Barbell Bench Press",2015-09-24,14,165,10,"165 lb || 10 reps","97"
"Barbell Bench Press",2015-09-24,15,165,10,"165 lb || 10 reps","97"
"Barbell Bench Press",2015-09-24,16,165,10,"165 lb || 10 reps","97"
"Barbell Bench Press",2015-09-30,3,45,5,"45 lb || 5 reps","36"
"Barbell Bench Press",2015-09-30,4,95,5,"95 lb || 5 reps","51"
"Barbell Bench Press",2015-09-30,5,135,5,"135 lb || 5 reps","67"
"Barbell Bench Press",2015-09-30,6,165,3,"165 lb || 3 reps","66"
"Barbell Bench Press",2015-09-30,7,185,3,"185 lb || 3 reps","76"
"Barbell Bench Press",2015-09-30,8,205,2,"205 lb || 2 reps","73"
"Barbell Bench Press",2015-09-30,9,205,2,"205 lb || 2 reps","73"
"Barbell Bench Press",2015-09-30,10,205,2,"205 lb || 2 reps","73"
"Barbell Bench Press",2015-09-30,11,205,2,"205 lb || 2 reps","73"
"Barbell Bench Press",2015-09-30,12,205,2,"205 lb || 2 reps","73"
"Barbell Bench Press",2015-09-30,15,190,4,"190 lb || 4 reps","89"
"Barbell Bench Press",2015-09-30,16,190,4,"190 lb || 4 reps","89"
"Barbell Bench Press",2015-10-06,3,45,5,"45 lb || 5 reps","36"
"Barbell Bench Press",2015-10-06,4,95,5,"95 lb || 5 reps","51"
"Barbell Bench Press",2015-10-06,5,115,5,"115 lb || 5 reps","59"
"Barbell Bench Press",2015-10-06,6,135,3,"135 lb || 3 reps","54"
"Barbell Bench Press",2015-10-06,7,155,3,"155 lb || 3 reps","62"
"Barbell Bench Press",2015-10-06,8,165,3,"165 lb || 3 reps","66"
"Barbell Bench Press",2015-10-06,9,165,3,"165 lb || 3 reps","66"
"Barbell Bench Press",2015-10-06,10,165,3,"165 lb || 3 reps","66"
"Barbell Bench Press",2015-10-06,11,165,3,"165 lb || 3 reps","66"
"Barbell Bench Press",2015-10-06,12,165,3,"165 lb || 3 reps","66"
"Barbell Bench Press",2015-10-06,13,165,3,"165 lb || 3 reps","66"
"Barbell Bench Press",2015-10-06,14,165,3,"165 lb || 3 reps","66"
"Barbell Bench Press",2015-10-06,15,165,3,"165 lb || 3 reps","66"
"Barbell Bench Press",2015-10-06,18,155,8,"155 lb || 8 reps","88"
"Barbell Bench Press",2015-10-06,19,155,8,"155 lb || 8 reps","88"
"Barbell Bench Press",2015-10-06,20,155,8,"155 lb || 8 reps","88"
"Barbell Bench Press",2015-10-15,3,45,5,"45 lb || 5 reps","36"
"Barbell Bench Press",2015-10-15,4,95,5,"95 lb || 5 reps","51"
"Barbell Bench Press",2015-10-15,5,135,3,"135 lb || 3 reps","54"
"Barbell Bench Press",2015-10-15,6,165,3,"165 lb || 3 reps","66"
"Barbell Bench Press",2015-10-15,7,185,3,"185 lb || 3 reps","76"
"Barbell Bench Press",2015-10-15,8,205,5,"205 lb || 5 reps","108"
"Barbell Bench Press",2015-10-15,9,205,5,"205 lb || 5 reps","108"
"Barbell Bench Press",2015-10-15,10,205,5,"205 lb || 5 reps","108"
"Barbell Bench Press",2015-10-15,13,190,6,"190 lb || 6 reps","104"
"Barbell Bench Press",2015-10-15,14,190,6,"190 lb || 6 reps","104"
"Barbell Bench Press",2015-10-18,31,45,5,"45 lb || 5 reps","36"
"Barbell Bench Press",2015-10-18,32,95,5,"95 lb || 5 reps","51"
"Barbell Bench Press",2015-10-18,33,115,5,"115 lb || 5 reps","59"
"Barbell Bench Press",2015-10-18,34,135,5,"135 lb || 5 reps","67"
"Barbell Bench Press",2015-10-18,35,170,4,"170 lb || 4 reps","78"
"Barbell Bench Press",2015-10-18,36,170,4,"170 lb || 4 reps","78"
"Barbell Bench Press",2015-10-18,37,170,4,"170 lb || 4 reps","78"
"Barbell Bench Press",2015-10-18,38,170,4,"170 lb || 4 reps","78"
"Barbell Bench Press",2015-10-22,3,45,8,"45 lb || 8 reps","42"
"Barbell Bench Press",2015-10-22,4,95,5,"95 lb || 5 reps","51"
"Barbell Bench Press",2015-10-22,5,135,5,"135 lb || 5 reps","67"
"Barbell Bench Press",2015-10-22,6,165,3,"165 lb || 3 reps","66"
"Barbell Bench Press",2015-10-22,7,185,3,"185 lb || 3 reps","76"
"Barbell Bench Press",2015-10-22,8,205,2,"205 lb || 2 reps","73"
"Barbell Bench Press",2015-10-22,9,215,2,"215 lb || 2 reps","78"
"Barbell Bench Press",2015-10-22,10,215,2,"215 lb || 2 reps","78"
"Barbell Bench Press",2015-10-22,11,215,2,"215 lb || 2 reps","78"
"Barbell Bench Press",2015-10-22,14,205,3,"205 lb || 3 reps","87"
"Barbell Bench Press",2015-10-22,15,205,3,"205 lb || 3 reps","87"
"Barbell Bench Press",2015-10-24,22,45,5,"45 lb || 5 reps","36"
"Barbell Bench Press",2015-10-24,23,70,5,"70 lb || 5 reps","43"
"Barbell Bench Press",2015-10-24,24,85,5,"85 lb || 5 reps","48"
"Barbell Bench Press",2015-10-24,25,135,5,"135 lb || 5 reps","67"
"Barbell Bench Press",2015-10-24,26,155,5,"155 lb || 5 reps","77"
"Barbell Bench Press",2015-10-24,27,155,5,"155 lb || 5 reps","77"
"Barbell Bench Press",2015-10-24,28,155,5,"155 lb || 5 reps","77"
"Barbell Bench Press",2015-10-24,29,155,5,"155 lb || 5 reps","77"
"Barbell Bench Press",2015-10-28,3,45,5,"45 lb || 5 reps","36"
"Barbell Bench Press",2015-10-28,4,95,5,"95 lb || 5 reps","51"
"Barbell Bench Press",2015-10-28,5,135,5,"135 lb || 5 reps","67"
"Barbell Bench Press",2015-10-28,6,165,3,"165 lb || 3 reps","66"
"Barbell Bench Press",2015-10-28,7,180,2,"180 lb || 2 reps","62"
"Barbell Bench Press",2015-10-28,8,180,2,"180 lb || 2 reps","62"
"Barbell Bench Press",2015-10-28,9,180,2,"180 lb || 2 reps","62"
"Barbell Bench Press",2015-10-28,10,180,2,"180 lb || 2 reps","62"
"Barbell Bench Press",2015-10-28,11,180,2,"180 lb || 2 reps","62"
"Barbell Bench Press",2015-10-28,12,180,2,"180 lb || 2 reps","62"
"Barbell Bench Press",2015-10-28,15,165,6,"165 lb || 6 reps","88"
"Barbell Bench Press",2015-10-28,16,165,6,"165 lb || 6 reps","88"
"Barbell Bench Press",2015-10-28,17,165,6,"165 lb || 6 reps","88"
"Barbell Bench Press",2015-10-31,14,45,5,"45 lb || 5 reps","36"
"Barbell Bench Press",2015-10-31,15,85,5,"85 lb || 5 reps","48"
"Barbell Bench Press",2015-10-31,16,135,5,"135 lb || 5 reps","67"
"Barbell Bench Press",2015-10-31,17,175,5,"175 lb || 5 reps","88"
"Barbell Bench Press",2015-10-31,18,175,5,"175 lb || 5 reps","88"
"Barbell Bench Press",2015-10-31,19,175,5,"175 lb || 5 reps","88"
"Barbell Bench Press",2015-10-31,20,175,5,"175 lb || 5 reps","88"
"Barbell Bench Press",2015-11-05,3,45,5,"45 lb || 5 reps","36"
"Barbell Bench Press",2015-11-05,4,45,5,"45 lb || 5 reps","36"
"Barbell Bench Press",2015-11-05,5,95,5,"95 lb || 5 reps","51"
"Barbell Bench Press",2015-11-05,6,135,5,"135 lb || 5 reps","67"
"Barbell Bench Press",2015-11-05,7,165,3,"165 lb || 3 reps","66"
"Barbell Bench Press",2015-11-05,8,185,3,"185 lb || 3 reps","76"
"Barbell Bench Press",2015-11-05,9,205,2,"205 lb || 2 reps","73"
"Barbell Bench Press",2015-11-05,10,215,3,"215 lb || 3 reps","93"
"Barbell Bench Press",2015-11-05,11,215,4,"215 lb || 4 reps","106"
"Barbell Bench Press",2015-11-05,12,215,3,"215 lb || 3 reps","93"
"Barbell Bench Press",2015-11-05,15,205,4,"205 lb || 4 reps","99"
"Barbell Bench Press",2015-11-05,16,205,3,"205 lb || 3 reps","87"
"Barbell Bench Press",2015-11-07,36,45,5,"45 lb || 5 reps","36"
"Barbell Bench Press",2015-11-07,37,95,5,"95 lb || 5 reps","51"
"Barbell Bench Press",2015-11-07,38,145,5,"145 lb || 5 reps","72"
"Barbell Bench Press",2015-11-07,39,185,5,"185 lb || 5 reps","94"
"Barbell Bench Press",2015-11-07,40,185,5,"185 lb || 5 reps","94"
"Barbell Bench Press",2015-11-07,41,185,5,"185 lb || 5 reps","94"
"Barbell Bench Press",2015-11-07,42,185,5,"185 lb || 5 reps","94"
"Barbell Bench Press",2015-11-11,1,45,5,"45 lb || 5 reps","36"
"Barbell Bench Press",2015-11-11,2,95,5,"95 lb || 5 reps","51"
"Barbell Bench Press",2015-11-11,3,135,5,"135 lb || 5 reps","67"
"Barbell Bench Press",2015-11-11,4,165,3,"165 lb || 3 reps","66"
"Barbell Bench Press",2015-11-11,5,185,2,"185 lb || 2 reps","64"
"Barbell Bench Press",2015-11-11,6,205,2,"205 lb || 2 reps","73"
"Barbell Bench Press",2015-11-11,7,230,2,"230 lb || 2 reps","87"
"Barbell Bench Press",2015-11-11,8,235,1,"235 lb || 1 reps","72"
"Barbell Bench Press",2015-11-11,9,240,1,"240 lb || 1 reps","75"
"Barbell Bench Press",2015-11-11,10,205,4,"205 lb || 4 reps","99"
"Barbell Bench Press",2015-11-15,32,45,5,"45 lb || 5 reps","36"
"Barbell Bench Press",2015-11-15,33,95,5,"95 lb || 5 reps","51"
"Barbell Bench Press",2015-11-15,34,145,5,"145 lb || 5 reps","72"
"Barbell Bench Press",2015-11-15,35,185,5,"185 lb || 5 reps","94"
"Barbell Bench Press",2015-11-15,36,195,5,"195 lb || 5 reps","101"
"Barbell Bench Press",2015-11-15,37,205,5,"205 lb || 5 reps","108"
"Barbell Bench Press",2015-11-15,38,205,5,"205 lb || 5 reps","108"
"Barbell Bench Press",2015-11-15,39,205,5,"205 lb || 5 reps","108"
"Barbell Bench Press",2015-11-15,40,205,5,"205 lb || 5 reps","108"
"Barbell Bench Press",2015-11-15,41,205,5,"205 lb || 5 reps","108"
"Barbell Bench Press",2015-11-19,3,45,5,"45 lb || 5 reps","36"
"Barbell Bench Press",2015-11-19,4,95,5,"95 lb || 5 reps","51"
"Barbell Bench Press",2015-11-19,5,135,5,"135 lb || 5 reps","67"
"Barbell Bench Press",2015-11-19,6,165,3,"165 lb || 3 reps","66"
"Barbell Bench Press",2015-11-19,7,185,2,"185 lb || 2 reps","64"
"Barbell Bench Press",2015-11-19,8,190,2,"190 lb || 2 reps","66"
"Barbell Bench Press",2015-11-19,9,190,2,"190 lb || 2 reps","66"
"Barbell Bench Press",2015-11-19,10,190,2,"190 lb || 2 reps","66"
"Barbell Bench Press",2015-11-19,11,190,2,"190 lb || 2 reps","66"
"Barbell Bench Press",2015-11-19,12,190,2,"190 lb || 2 reps","66"
"Barbell Bench Press",2015-11-19,13,205,5,"205 lb || 5 reps","108"
"Barbell Bench Press",2015-11-19,14,205,5,"205 lb || 5 reps","108"
"Barbell Bench Press",2015-11-19,15,205,5,"205 lb || 5 reps","108"
"Barbell Bench Press",2015-11-19,16,180,6,"180 lb || 6 reps","97"
"Barbell Bench Press",2015-11-19,17,180,6,"180 lb || 6 reps","97"
"Barbell Bench Press",2015-11-19,18,180,6,"180 lb || 6 reps","97"
"Barbell Bench Press",2015-12-02,3,45,5,"45 lb || 5 reps","36"
"Barbell Bench Press",2015-12-02,4,95,5,"95 lb || 5 reps","51"
"Barbell Bench Press",2015-12-02,5,135,5,"135 lb || 5 reps","67"
"Barbell Bench Press",2015-12-02,6,155,3,"155 lb || 3 reps","62"
"Barbell Bench Press",2015-12-02,7,185,3,"185 lb || 3 reps","76"
"Barbell Bench Press",2015-12-02,8,225,2,"225 lb || 2 reps","84"
"Barbell Bench Press",2015-12-02,9,235,1,"235 lb || 1 reps","72"
"Barbell Bench Press",2015-12-02,10,245,1,"245 lb || 1 reps","77"
"Barbell Bench Press",2015-12-10,3,45,5,"45 lb || 5 reps","36"
"Barbell Bench Press",2015-12-10,4,95,5,"95 lb || 5 reps","51"
"Barbell Bench Press",2015-12-10,5,135,5,"135 lb || 5 reps","67"
"Barbell Bench Press",2015-12-10,6,165,5,"165 lb || 5 reps","82"
"Barbell Bench Press",2015-12-10,7,185,5,"185 lb || 5 reps","94"
"Barbell Bench Press",2015-12-10,8,210,6,"210 lb || 6 reps","119"
"Barbell Bench Press",2015-12-10,9,230,1,"230 lb || 1 reps","70"
"Barbell Bench Press",2015-12-10,10,240,1,"240 lb || 1 reps","75"
"Barbell Bench Press",2015-12-10,11,245,1,"245 lb || 1 reps","77"
"Barbell Bench Press",2015-12-10,12,160,8,"160 lb || 8 reps","91"
"Barbell Bench Press",2015-12-10,13,160,5,"160 lb || 5 reps","80"
"Barbell Bench Press",2015-12-10,14,160,7,"160 lb || 7 reps","88"
"Barbell Bench Press",2015-12-10,15,160,7,"160 lb || 7 reps","88"
"Barbell Bench Press",2015-12-10,16,160,7,"160 lb || 7 reps","88"
"Barbell Bench Press",2015-12-12,12,45,5,"45 lb || 5 reps","36"
"Barbell Bench Press",2015-12-12,13,95,5,"95 lb || 5 reps","51"
"Barbell Bench Press",2015-12-12,14,135,5,"135 lb || 5 reps","67"
"Barbell Bench Press",2015-12-12,15,185,5,"185 lb || 5 reps","94"
"Barbell Bench Press",2015-12-12,16,215,2,"215 lb || 2 reps","78"
"Barbell Bench Press",2015-12-12,17,215,2,"215 lb || 2 reps","78"
"Barbell Bench Press",2015-12-12,18,215,2,"215 lb || 2 reps","78"
"Barbell Bench Press",2015-12-12,19,215,2,"215 lb || 2 reps","78"
"Barbell Bench Press",2015-12-12,20,215,2,"215 lb || 2 reps","78"
"Barbell Bench Press",2015-12-17,3,45,5,"45 lb || 5 reps","36"
"Barbell Bench Press",2015-12-17,4,45,5,"45 lb || 5 reps","36"
"Barbell Bench Press",2015-12-17,5,95,5,"95 lb || 5 reps","51"
"Barbell Bench Press",2015-12-17,6,135,5,"135 lb || 5 reps","67"
"Barbell Bench Press",2015-12-17,7,155,5,"155 lb || 5 reps","77"
"Barbell Bench Press",2015-12-17,8,175,3,"175 lb || 3 reps","71"
"Barbell Bench Press",2015-12-17,9,195,3,"195 lb || 3 reps","81"
"Barbell Bench Press",2015-12-17,10,220,4,"220 lb || 4 reps","109"
"Barbell Bench Press",2015-12-17,11,230,1,"230 lb || 1 reps","70"
"Barbell Bench Press",2015-12-17,12,175,8,"175 lb || 8 reps","100"
"Barbell Bench Press",2015-12-17,13,175,8,"175 lb || 8 reps","100"
"Barbell Bench Press",2015-12-17,14,175,8,"175 lb || 8 reps","100"
"Barbell Bench Press",2015-12-17,15,175,8,"175 lb || 8 reps","100"
"Barbell Bench Press",2015-12-17,16,175,6,"175 lb || 6 reps","94"
"Barbell Bench Press",2015-12-19,20,45,5,"45 lb || 5 reps","36"
"Barbell Bench Press",2015-12-19,21,95,5,"95 lb || 5 reps","51"
"Barbell Bench Press",2015-12-19,22,135,5,"135 lb || 5 reps","67"
"Barbell Bench Press",2015-12-19,23,185,5,"185 lb || 5 reps","94"
"Barbell Bench Press",2015-12-19,24,215,3,"215 lb || 3 reps","93"
"Barbell Bench Press",2015-12-19,25,215,3,"215 lb || 3 reps","93"
"Barbell Bench Press",2015-12-19,26,215,3,"215 lb || 3 reps","93"
"Barbell Bench Press",2015-12-19,27,215,3,"215 lb || 3 reps","93"
"Barbell Bench Press",2015-12-19,28,215,3,"215 lb || 3 reps","93"
"Barbell Bench Press",2015-12-29,1,45,5,"45 lb || 5 reps","36"
"Barbell Bench Press",2015-12-29,2,95,5,"95 lb || 5 reps","51"
"Barbell Bench Press",2015-12-29,3,135,5,"135 lb || 5 reps","67"
"Barbell Bench Press",2015-12-29,4,155,5,"155 lb || 5 reps","77"
"Barbell Bench Press",2015-12-29,5,185,5,"185 lb || 5 reps","94"
"Barbell Bench Press",2015-12-29,6,210,3,"210 lb || 3 reps","90"
"Barbell Bench Press",2015-12-29,7,210,3,"210 lb || 3 reps","90"
"Barbell Bench Press",2015-12-29,8,232.5,1,"232.5 lb || 1 reps","71"
"Barbell Bench Press",2015-12-29,9,185,5,"185 lb || 5 reps","94"
"Barbell Bench Press",2015-12-29,10,185,5,"185 lb || 5 reps","94"
"Barbell Bench Press",2015-12-29,11,185,5,"185 lb || 5 reps","94"
"Barbell Bench Press",2015-12-29,12,185,5,"185 lb || 5 reps","94"
"Barbell Bench Press",2015-12-29,13,185,5,"185 lb || 5 reps","94"
"Barbell Bench Press",2016-01-01,21,45,5,"45 lb || 5 reps","36"
"Barbell Bench Press",2016-01-01,22,95,5,"95 lb || 5 reps","51"
"Barbell Bench Press",2016-01-01,23,135,5,"135 lb || 5 reps","67"
"Barbell Bench Press",2016-01-01,24,165,5,"165 lb || 5 reps","82"
"Barbell Bench Press",2016-01-01,25,185,5,"185 lb || 5 reps","94"
"Barbell Bench Press",2016-01-01,26,215,3,"215 lb || 3 reps","93"
"Barbell Bench Press",2016-01-01,27,215,3,"215 lb || 3 reps","93"
"Barbell Bench Press",2016-01-01,28,215,3,"215 lb || 3 reps","93"
"Barbell Bench Press",2016-01-01,29,215,3,"215 lb || 3 reps","93"
"Barbell Bench Press",2016-01-01,30,215,3,"215 lb || 3 reps","93"
"Barbell Bench Press",2016-01-07,1,45,5,"45 lb || 5 reps","36"
"Barbell Bench Press",2016-01-07,2,95,5,"95 lb || 5 reps","51"
"Barbell Bench Press",2016-01-07,3,135,5,"135 lb || 5 reps","67"
"Barbell Bench Press",2016-01-07,4,165,5,"165 lb || 5 reps","82"
"Barbell Bench Press",2016-01-07,5,187.5,5,"187.5 lb || 5 reps","96"
"Barbell Bench Press",2016-01-07,6,215,5,"215 lb || 5 reps","116"
"Barbell Bench Press",2016-01-07,7,225,1,"225 lb || 1 reps","68"
"Barbell Bench Press",2016-01-07,8,235,1,"235 lb || 1 reps","72"
"Barbell Bench Press",2016-01-07,9,245,1,"245 lb || 1 reps","77"
"Barbell Bench Press",2016-01-07,10,165,8,"165 lb || 8 reps","94"
"Barbell Bench Press",2016-01-07,11,165,8,"165 lb || 8 reps","94"
"Barbell Bench Press",2016-01-07,12,165,8,"165 lb || 8 reps","94"
"Barbell Bench Press",2016-01-07,13,165,8,"165 lb || 8 reps","94"
"Barbell Bench Press",2016-01-07,14,165,8,"165 lb || 8 reps","94"
"Barbell Bench Press",2016-01-10,23,45,5,"45 lb || 5 reps","36"
"Barbell Bench Press",2016-01-10,24,95,5,"95 lb || 5 reps","51"
"Barbell Bench Press",2016-01-10,25,135,5,"135 lb || 5 reps","67"
"Barbell Bench Press",2016-01-10,26,185,5,"185 lb || 5 reps","94"
"Barbell Bench Press",2016-01-10,27,225,2,"225 lb || 2 reps","84"
"Barbell Bench Press",2016-01-10,28,225,2,"225 lb || 2 reps","84"
"Barbell Bench Press",2016-01-10,29,225,2,"225 lb || 2 reps","84"
"Barbell Bench Press",2016-01-10,30,225,2,"225 lb || 2 reps","84"
"Barbell Bench Press",2016-01-10,31,225,2,"225 lb || 2 reps","84"
"Barbell Bench Press",2016-01-10,54,135,15,"135 lb || 15 reps","84"
"Barbell Bench Press",2016-01-14,1,45,5,"45 lb || 5 reps","36"
"Barbell Bench Press",2016-01-14,2,45,5,"45 lb || 5 reps","36"
"Barbell Bench Press",2016-01-14,3,95,5,"95 lb || 5 reps","51"
"Barbell Bench Press",2016-01-14,4,135,5,"135 lb || 5 reps","67"
"Barbell Bench Press",2016-01-14,5,165,3,"165 lb || 3 reps","66"
"Barbell Bench Press",2016-01-14,6,175,3,"175 lb || 3 reps","71"
"Barbell Bench Press",2016-01-14,7,200,3,"200 lb || 3 reps","84"
"Barbell Bench Press",2016-01-14,8,225,5,"225 lb || 5 reps","124"
"Barbell Bench Press",2016-01-14,9,247.5,1,"247.5 lb || 1 reps","79"
"Barbell Bench Press",2016-01-14,10,175,5,"175 lb || 5 reps","88"
"Barbell Bench Press",2016-01-14,11,175,5,"175 lb || 5 reps","88"
"Barbell Bench Press",2016-01-14,12,175,5,"175 lb || 5 reps","88"
"Barbell Bench Press",2016-01-14,13,175,5,"175 lb || 5 reps","88"
"Barbell Bench Press",2016-01-14,14,175,5,"175 lb || 5 reps","88"
"Barbell Bench Press",2016-01-21,1,45,5,"45 lb || 5 reps","36"
"Barbell Bench Press",2016-01-21,2,45,5,"45 lb || 5 reps","36"
"Barbell Bench Press",2016-01-21,3,95,5,"95 lb || 5 reps","51"
"Barbell Bench Press",2016-01-21,4,135,5,"135 lb || 5 reps","67"
"Barbell Bench Press",2016-01-21,5,165,5,"165 lb || 5 reps","82"
"Barbell Bench Press",2016-01-21,6,185,3,"185 lb || 3 reps","76"
"Barbell Bench Press",2016-01-21,7,190,5,"190 lb || 5 reps","98"
"Barbell Bench Press",2016-01-21,8,215,3,"215 lb || 3 reps","93"
"Barbell Bench Press",2016-01-21,9,237.5,2,"237.5 lb || 2 reps","91"
"Barbell Bench Press",2016-01-21,10,250,1,"250 lb || 1 reps","80"
"Barbell Bench Press",2016-01-21,11,190,5,"190 lb || 5 reps","98"
"Barbell Bench Press",2016-01-21,12,190,5,"190 lb || 5 reps","98"
"Barbell Bench Press",2016-01-21,13,190,5,"190 lb || 5 reps","98"
"Barbell Bench Press",2016-01-21,14,190,5,"190 lb || 5 reps","98"
"Barbell Bench Press",2016-01-21,15,190,5,"190 lb || 5 reps","98"
"Barbell Bench Press",2016-01-23,24,45,5,"45 lb || 5 reps","36"
"Barbell Bench Press",2016-01-23,25,95,5,"95 lb || 5 reps","51"
"Barbell Bench Press",2016-01-23,26,145,5,"145 lb || 5 reps","72"
"Barbell Bench Press",2016-01-23,27,185,5,"185 lb || 5 reps","94"
"Barbell Bench Press",2016-01-23,28,235,2,"235 lb || 2 reps","90"
"Barbell Bench Press",2016-01-23,29,235,2,"235 lb || 2 reps","90"
"Barbell Bench Press",2016-01-23,30,235,2,"235 lb || 2 reps","90"
"Barbell Bench Press",2016-01-23,31,235,2,"235 lb || 2 reps","90"
"Barbell Bench Press",2016-01-23,32,235,2,"235 lb || 2 reps","90"
"Barbell Bench Press",2016-01-27,1,45,5,"45 lb || 5 reps","36"
"Barbell Bench Press",2016-01-27,2,95,5,"95 lb || 5 reps","51"
"Barbell Bench Press",2016-01-27,3,135,5,"135 lb || 5 reps","67"
"Barbell Bench Press",2016-01-27,4,175,5,"175 lb || 5 reps","88"
"Barbell Bench Press",2016-01-27,5,175,5,"175 lb || 5 reps","88"
"Barbell Bench Press",2016-01-27,6,175,5,"175 lb || 5 reps","88"
"Barbell Bench Press",2016-01-27,7,175,5,"175 lb || 5 reps","88"
"Barbell Bench Press",2016-01-29,16,135,5,"135 lb || 5 reps","67"
"Barbell Bench Press",2016-01-29,17,185,5,"185 lb || 5 reps","94"
"Barbell Bench Press",2016-01-29,18,225,5,"225 lb || 5 reps","124"
"Barbell Bench Press",2016-01-29,19,185,5,"185 lb || 5 reps","94"
"Barbell Bench Press",2016-01-29,20,185,5,"185 lb || 5 reps","94"
"Barbell Bench Press",2016-02-04,3,45,5,"45 lb || 5 reps","36"
"Barbell Bench Press",2016-02-04,4,45,5,"45 lb || 5 reps","36"
"Barbell Bench Press",2016-02-04,5,95,5,"95 lb || 5 reps","51"
"Barbell Bench Press",2016-02-04,6,135,5,"135 lb || 5 reps","67"
"Barbell Bench Press",2016-02-04,7,165,5,"165 lb || 5 reps","82"
"Barbell Bench Press",2016-02-04,8,190,5,"190 lb || 5 reps","98"
"Barbell Bench Press",2016-02-04,9,212.5,7,"212.5 lb || 7 reps","126"
"Barbell Bench Press",2016-02-04,10,225,1,"225 lb || 1 reps","68"
"Barbell Bench Press",2016-02-04,11,235,1,"235 lb || 1 reps","72"
"Barbell Bench Press",2016-02-04,12,245,1,"245 lb || 1 reps","77"
"Barbell Bench Press",2016-02-04,13,165,5,"165 lb || 5 reps","82"
"Barbell Bench Press",2016-02-04,14,165,5,"165 lb || 5 reps","82"
"Barbell Bench Press",2016-02-04,15,165,5,"165 lb || 5 reps","82"
"Barbell Bench Press",2016-02-04,16,165,5,"165 lb || 5 reps","82"
"Barbell Bench Press",2016-02-04,17,165,5,"165 lb || 5 reps","82"
"Barbell Bench Press",2016-02-07,30,45,5,"45 lb || 5 reps","36"
"Barbell Bench Press",2016-02-07,31,95,5,"95 lb || 5 reps","51"
"Barbell Bench Press",2016-02-07,32,145,5,"145 lb || 5 reps","72"
"Barbell Bench Press",2016-02-07,33,185,3,"185 lb || 3 reps","76"
"Barbell Bench Press",2016-02-07,34,235,3,"235 lb || 3 reps","106"
"Barbell Bench Press",2016-02-07,35,235,3,"235 lb || 3 reps","106"
"Barbell Bench Press",2016-02-07,36,235,3,"235 lb || 3 reps","106"
"Barbell Bench Press",2016-02-07,37,235,3,"235 lb || 3 reps","106"
"Barbell Bench Press",2016-02-11,9,45,5,"45 lb || 5 reps","36"
"Barbell Bench Press",2016-02-11,10,45,5,"45 lb || 5 reps","36"
"Barbell Bench Press",2016-02-11,11,95,5,"95 lb || 5 reps","51"
"Barbell Bench Press",2016-02-11,12,135,5,"135 lb || 5 reps","67"
"Barbell Bench Press",2016-02-11,13,155,5,"155 lb || 5 reps","77"
"Barbell Bench Press",2016-02-11,14,175,3,"175 lb || 3 reps","71"
"Barbell Bench Press",2016-02-11,15,200,3,"200 lb || 3 reps","84"
"Barbell Bench Press",2016-02-11,16,225,4,"225 lb || 4 reps","113"
"Barbell Bench Press",2016-02-11,17,240,1,"240 lb || 1 reps","75"
"Barbell Bench Press",2016-02-11,18,250,1,"250 lb || 1 reps","80"
"Barbell Bench Press",2016-02-11,19,175,5,"175 lb || 5 reps","88"
"Barbell Bench Press",2016-02-11,20,175,5,"175 lb || 5 reps","88"
"Barbell Bench Press",2016-02-11,21,175,5,"175 lb || 5 reps","88"
"Barbell Bench Press",2016-02-11,22,175,5,"175 lb || 5 reps","88"
"Barbell Bench Press",2016-02-11,23,175,5,"175 lb || 5 reps","88"
"Barbell Bench Press",2016-02-12,22,45,5,"45 lb || 5 reps","36"
"Barbell Bench Press",2016-02-12,23,95,5,"95 lb || 5 reps","51"
"Barbell Bench Press",2016-02-12,24,145,5,"145 lb || 5 reps","72"
"Barbell Bench Press",2016-02-12,25,185,5,"185 lb || 5 reps","94"
"Barbell Bench Press",2016-02-12,26,235,2,"235 lb || 2 reps","90"
"Barbell Bench Press",2016-02-12,27,245,2,"245 lb || 2 reps","96"
"Barbell Bench Press",2016-02-12,28,245,2,"245 lb || 2 reps","96"
"Barbell Bench Press",2016-02-12,29,245,2,"245 lb || 2 reps","96"
"Barbell Bench Press",2016-02-12,30,245,2,"245 lb || 2 reps","96"
"Barbell Bench Press",2016-02-18,1,45,5,"45 lb || 5 reps","36"
"Barbell Bench Press",2016-02-18,2,95,5,"95 lb || 5 reps","51"
"Barbell Bench Press",2016-02-18,3,135,5,"135 lb || 5 reps","67"
"Barbell Bench Press",2016-02-18,4,155,5,"155 lb || 5 reps","77"
"Barbell Bench Press",2016-02-18,5,185,3,"185 lb || 3 reps","76"
"Barbell Bench Press",2016-02-18,6,187.5,5,"187.5 lb || 5 reps","96"
"Barbell Bench Press",2016-02-18,7,212.5,3,"212.5 lb || 3 reps","91"
"Barbell Bench Press",2016-02-18,8,237.5,2,"237.5 lb || 2 reps","91"
"Barbell Bench Press",2016-02-18,9,250,1,"250 lb || 1 reps","80"
"Barbell Bench Press",2016-02-18,10,187.5,5,"187.5 lb || 5 reps","96"
"Barbell Bench Press",2016-02-18,11,187.5,5,"187.5 lb || 5 reps","96"
"Barbell Bench Press",2016-02-18,12,187.5,5,"187.5 lb || 5 reps","96"
"Barbell Bench Press",2016-02-18,13,187.5,5,"187.5 lb || 5 reps","96"
"Barbell Bench Press",2016-02-18,14,187.5,5,"187.5 lb || 5 reps","96"
"Barbell Bench Press",2016-02-25,3,45,5,"45 lb || 5 reps","36"
"Barbell Bench Press",2016-02-25,4,95,5,"95 lb || 5 reps","51"
"Barbell Bench Press",2016-02-25,5,135,5,"135 lb || 5 reps","67"
"Barbell Bench Press",2016-02-25,6,155,5,"155 lb || 5 reps","77"
"Barbell Bench Press",2016-02-25,7,165,5,"165 lb || 5 reps","82"
"Barbell Bench Press",2016-02-25,8,195,5,"195 lb || 5 reps","101"
"Barbell Bench Press",2016-02-25,9,217.5,6,"217.5 lb || 6 reps","125"
"Barbell Bench Press",2016-02-25,10,227.5,1,"227.5 lb || 1 reps","69"
"Barbell Bench Press",2016-02-25,11,240,1,"240 lb || 1 reps","75"
"Barbell Bench Press",2016-02-25,12,170,5,"170 lb || 5 reps","85"
"Barbell Bench Press",2016-02-25,13,170,5,"170 lb || 5 reps","85"
"Barbell Bench Press",2016-02-25,14,170,5,"170 lb || 5 reps","85"
"Barbell Bench Press",2016-02-25,15,170,5,"170 lb || 5 reps","85"
"Barbell Bench Press",2016-02-25,16,170,5,"170 lb || 5 reps","85"
"Barbell Bench Press",2016-03-03,3,45,5,"45 lb || 5 reps","36"
"Barbell Bench Press",2016-03-03,4,95,5,"95 lb || 5 reps","51"
"Barbell Bench Press",2016-03-03,5,135,5,"135 lb || 5 reps","67"
"Barbell Bench Press",2016-03-03,6,155,5,"155 lb || 5 reps","77"
"Barbell Bench Press",2016-03-03,7,165,5,"165 lb || 5 reps","82"
"Barbell Bench Press",2016-03-03,8,180,3,"180 lb || 3 reps","73"
"Barbell Bench Press",2016-03-03,9,205,3,"205 lb || 3 reps","87"
"Barbell Bench Press",2016-03-03,10,230,4,"230 lb || 4 reps","117"
"Barbell Bench Press",2016-03-03,11,245,4,"245 lb || 4 reps","129"
"Barbell Bench Press",2016-03-03,12,180,5,"180 lb || 5 reps","91"
"Barbell Bench Press",2016-03-03,13,180,5,"180 lb || 5 reps","91"
"Barbell Bench Press",2016-03-03,14,180,5,"180 lb || 5 reps","91"
"Barbell Bench Press",2016-03-03,15,180,5,"180 lb || 5 reps","91"
"Barbell Bench Press",2016-03-03,16,180,5,"180 lb || 5 reps","91"
"Barbell Bench Press",2016-03-09,3,45,5,"45 lb || 5 reps","36"
"Barbell Bench Press",2016-03-09,4,95,5,"95 lb || 5 reps","51"
"Barbell Bench Press",2016-03-09,5,135,5,"135 lb || 5 reps","67"
"Barbell Bench Press",2016-03-09,6,165,4,"165 lb || 4 reps","75"
"Barbell Bench Press",2016-03-09,7,185,4,"185 lb || 4 reps","86"
"Barbell Bench Press",2016-03-09,8,192.5,5,"192.5 lb || 5 reps","99"
"Barbell Bench Press",2016-03-09,9,217.5,3,"217.5 lb || 3 reps","94"
"Barbell Bench Press",2016-03-09,10,242.5,2,"242.5 lb || 2 reps","94"
"Barbell Bench Press",2016-03-09,11,255,1,"255 lb || 1 reps","83"
"Barbell Bench Press",2016-03-09,12,192.5,5,"192.5 lb || 5 reps","99"
"Barbell Bench Press",2016-03-09,13,192.5,5,"192.5 lb || 5 reps","99"
"Barbell Bench Press",2016-03-09,14,192.5,5,"192.5 lb || 5 reps","99"
"Barbell Bench Press",2016-03-09,15,192.5,5,"192.5 lb || 5 reps","99"
"Barbell Bench Press",2016-03-09,16,192.5,5,"192.5 lb || 5 reps","99"
"Barbell Bench Press",2016-03-09,17,135,25,"135 lb || 25 reps","93"
"Barbell Bench Press",2016-03-09,18,135,15,"135 lb || 15 reps","84"
"Barbell Bench Press",2016-03-09,19,135,15,"135 lb || 15 reps","84"
"Barbell Bench Press",2016-03-09,20,135,15,"135 lb || 15 reps","84"
"Barbell Bench Press",2016-03-17,3,45,5,"45 lb || 5 reps","36"
"Barbell Bench Press",2016-03-17,4,95,5,"95 lb || 5 reps","51"
"Barbell Bench Press",2016-03-17,5,135,5,"135 lb || 5 reps","67"
"Barbell Bench Press",2016-03-17,6,135,5,"135 lb || 5 reps","67"
"Barbell Bench Press",2016-03-17,7,135,5,"135 lb || 5 reps","67"
"Barbell Bench Press",2016-03-17,8,135,5,"135 lb || 5 reps","67"
"Barbell Bench Press",2016-03-17,9,135,5,"135 lb || 5 reps","67"
"Barbell Bench Press",2016-03-17,10,135,5,"135 lb || 5 reps","67"
"Barbell Bench Press",2016-03-24,10,225,5,"135 lb || 5 reps","67"
"Barbell Bench Press",2016-03-24,10,250,5,"135 lb || 5 reps","67"
"Barbell Bench Press",2016-03-24,10,260,5,"135 lb || 5 reps","67"
