"Barbell Deadlift",2013-08-01,1,135,5,"135 lb || 5 reps","66"
"Barbell Deadlift",2013-08-01,2,175,5,"175 lb || 5 reps","86"
"Barbell Deadlift",2013-08-01,3,225,5,"225 lb || 5 reps","121"
"Barbell Deadlift",2013-08-01,4,260,3,"260 lb || 3 reps","123"
"Barbell Deadlift",2013-08-01,5,325,5,"325 lb || 5 reps","237"
"Barbell Deadlift",2013-08-01,6,365,3,"365 lb || 3 reps","249"
"Barbell Deadlift",2013-08-01,7,410,5,"410 lb || 5 reps","420"
"Barbell Deadlift",2013-08-01,8,225,10,"225 lb || 10 reps","142"
"Barbell Deadlift",2013-08-01,9,225,10,"225 lb || 10 reps","142"
"Barbell Deadlift",2013-08-01,10,225,10,"225 lb || 10 reps","142"
"Barbell Deadlift",2013-08-01,11,225,10,"225 lb || 10 reps","142"
"Barbell Deadlift",2013-08-01,12,225,10,"225 lb || 10 reps","142"
"Barbell Deadlift",2013-08-13,1,135,5,"135 lb || 5 reps","66"
"Barbell Deadlift",2013-08-13,2,185,5,"185 lb || 5 reps","92"
"Barbell Deadlift",2013-08-13,3,225,5,"225 lb || 5 reps","121"
"Barbell Deadlift",2013-08-13,4,265,5,"265 lb || 5 reps","158"
"Barbell Deadlift",2013-08-13,5,185,10,"185 lb || 10 reps","109"
"Barbell Deadlift",2013-08-13,6,185,10,"185 lb || 10 reps","109"
"Barbell Deadlift",2013-08-13,7,185,10,"185 lb || 10 reps","109"
"Barbell Deadlift",2013-08-13,8,185,10,"185 lb || 10 reps","109"
"Barbell Deadlift",2013-08-13,9,185,10,"185 lb || 10 reps","109"
"Barbell Deadlift",2013-08-28,1,135,5,"135 lb || 5 reps","66"
"Barbell Deadlift",2013-08-28,2,225,5,"225 lb || 5 reps","121"
"Barbell Deadlift",2013-08-28,3,315,3,"315 lb || 3 reps","178"
"Barbell Deadlift",2013-08-28,4,405,1,"405 lb || 1 reps","223"
"Barbell Deadlift",2013-08-28,5,425,1,"425 lb || 1 reps","255"
"Barbell Deadlift",2013-08-28,6,470,1,"470 lb || 1 reps","345"
"Barbell Deadlift",2013-08-28,7,245,5,"245 lb || 5 reps","138"
"Barbell Deadlift",2013-08-28,8,325,5,"325 lb || 5 reps","237"
"Barbell Deadlift",2013-08-28,9,365,6,"365 lb || 6 reps","330"
"Barbell Deadlift",2013-09-04,1,135,3,"135 lb || 3 reps","53"
"Barbell Deadlift",2013-09-04,2,225,3,"225 lb || 3 reps","97"
"Barbell Deadlift",2013-09-04,3,315,3,"315 lb || 3 reps","178"
"Barbell Deadlift",2013-09-04,4,345,3,"345 lb || 3 reps","218"
"Barbell Deadlift",2013-09-04,5,385,7,"385 lb || 7 reps","393"
"Barbell Deadlift",2013-09-11,1,135,5,"135 lb || 5 reps","66"
"Barbell Deadlift",2013-09-11,2,225,5,"225 lb || 5 reps","121"
"Barbell Deadlift",2013-09-11,3,325,5,"325 lb || 5 reps","237"
"Barbell Deadlift",2013-09-11,4,365,3,"365 lb || 3 reps","249"
"Barbell Deadlift",2013-09-11,5,405,5,"405 lb || 5 reps","406"
"Barbell Deadlift",2013-09-18,1,135,5,"135 lb || 5 reps","66"
"Barbell Deadlift",2013-09-18,2,245,5,"245 lb || 5 reps","138"
"Barbell Deadlift",2013-09-18,3,245,5,"245 lb || 5 reps","138"
"Barbell Deadlift",2013-09-18,4,245,5,"245 lb || 5 reps","138"
"Barbell Deadlift",2013-09-25,1,135,5,"135 lb || 5 reps","66"
"Barbell Deadlift",2013-09-25,2,225,2,"225 lb || 2 reps","82"
"Barbell Deadlift",2013-09-25,3,255,5,"255 lb || 5 reps","148"
"Barbell Deadlift",2013-09-25,4,325,5,"325 lb || 5 reps","237"
"Barbell Deadlift",2013-09-25,5,365,10,"365 lb || 10 reps","366"
"Barbell Deadlift",2013-10-02,1,135,5,"135 lb || 5 reps","66"
"Barbell Deadlift",2013-10-02,2,225,2,"225 lb || 2 reps","82"
"Barbell Deadlift",2013-10-02,3,315,3,"315 lb || 3 reps","178"
"Barbell Deadlift",2013-10-02,4,345,3,"345 lb || 3 reps","218"
"Barbell Deadlift",2013-10-02,5,385,6,"385 lb || 6 reps","377"
"Barbell Deadlift",2013-10-09,1,135,5,"135 lb || 5 reps","66"
"Barbell Deadlift",2013-10-09,2,225,2,"225 lb || 2 reps","82"
"Barbell Deadlift",2013-10-09,3,325,5,"325 lb || 5 reps","237"
"Barbell Deadlift",2013-10-09,4,365,3,"365 lb || 3 reps","249"
"Barbell Deadlift",2013-10-09,5,415,1,"415 lb || 1 reps","238"
"Barbell Deadlift",2013-10-09,6,500,1,"500 lb || 1 reps","422"
"Barbell Deadlift",2013-10-16,1,95,5,"95 lb || 5 reps","50"
"Barbell Deadlift",2013-10-16,2,185,5,"185 lb || 5 reps","92"
"Barbell Deadlift",2013-10-16,3,235,1,"235 lb || 1 reps","71"
"Barbell Deadlift",2013-10-16,4,255,5,"255 lb || 5 reps","148"
"Barbell Deadlift",2013-10-16,5,255,5,"255 lb || 5 reps","148"
"Barbell Deadlift",2013-10-16,6,255,5,"255 lb || 5 reps","148"
"Barbell Deadlift",2013-10-24,1,135,5,"135 lb || 5 reps","66"
"Barbell Deadlift",2013-10-24,2,225,5,"225 lb || 5 reps","121"
"Barbell Deadlift",2013-10-24,3,295,5,"295 lb || 5 reps","194"
"Barbell Deadlift",2013-10-24,4,335,5,"335 lb || 5 reps","254"
"Barbell Deadlift",2013-10-24,5,385,10,"385 lb || 10 reps","418"
"Barbell Deadlift",2013-10-30,1,135,5,"135 lb || 5 reps","66"
"Barbell Deadlift",2013-10-30,2,225,5,"225 lb || 5 reps","121"
"Barbell Deadlift",2013-10-30,3,315,3,"315 lb || 3 reps","178"
"Barbell Deadlift",2013-10-30,4,365,3,"365 lb || 3 reps","249"
"Barbell Deadlift",2013-10-30,5,405,5,"405 lb || 5 reps","406"
"Barbell Deadlift",2013-11-06,1,135,5,"135 lb || 5 reps","66"
"Barbell Deadlift",2013-11-06,2,225,3,"225 lb || 3 reps","97"
"Barbell Deadlift",2013-11-06,3,335,5,"335 lb || 5 reps","254"
"Barbell Deadlift",2013-11-06,4,385,3,"385 lb || 3 reps","285"
"Barbell Deadlift",2013-11-06,5,425,6,"425 lb || 6 reps","494"
"Barbell Deadlift",2013-11-12,1,245,5,"245 lb || 5 reps","138"
"Barbell Deadlift",2013-11-12,2,245,5,"245 lb || 5 reps","138"
"Barbell Deadlift",2013-11-12,3,245,5,"245 lb || 5 reps","138"
"Barbell Deadlift",2013-11-20,1,135,5,"135 lb || 5 reps","66"
"Barbell Deadlift",2013-11-20,2,225,2,"225 lb || 2 reps","82"
"Barbell Deadlift",2013-11-20,3,315,5,"315 lb || 5 reps","222"
"Barbell Deadlift",2013-11-20,4,345,5,"345 lb || 5 reps","271"
"Barbell Deadlift",2013-11-20,5,395,6,"395 lb || 6 reps","404"
"Barbell Deadlift",2013-11-26,13,135,5,"135 lb || 5 reps","66"
"Barbell Deadlift",2013-11-26,14,225,2,"225 lb || 2 reps","82"
"Barbell Deadlift",2013-11-26,15,325,3,"325 lb || 3 reps","190"
"Barbell Deadlift",2013-11-26,16,365,3,"365 lb || 3 reps","249"
"Barbell Deadlift",2013-11-26,17,415,5,"415 lb || 5 reps","435"
"Barbell Deadlift",2013-12-03,1,135,5,"135 lb || 5 reps","66"
"Barbell Deadlift",2013-12-03,2,225,3,"225 lb || 3 reps","97"
"Barbell Deadlift",2013-12-03,3,275,5,"275 lb || 5 reps","169"
"Barbell Deadlift",2013-12-03,4,275,5,"275 lb || 5 reps","169"
"Barbell Deadlift",2013-12-03,5,275,5,"275 lb || 5 reps","169"
"Barbell Deadlift",2013-12-11,1,135,5,"135 lb || 5 reps","66"
"Barbell Deadlift",2013-12-11,2,225,2,"225 lb || 2 reps","82"
"Barbell Deadlift",2013-12-11,3,315,5,"315 lb || 5 reps","222"
"Barbell Deadlift",2013-12-11,4,365,5,"365 lb || 5 reps","310"
"Barbell Deadlift",2013-12-11,5,405,5,"405 lb || 5 reps","406"
"Barbell Deadlift",2014-02-26,1,135,5,"135 lb || 5 reps","66"
"Barbell Deadlift",2014-02-26,2,225,1,"225 lb || 1 reps","66"
"Barbell Deadlift",2014-02-26,3,225,1,"225 lb || 1 reps","66"
"Barbell Deadlift",2014-02-26,4,225,1,"225 lb || 1 reps","66"
"Barbell Deadlift",2014-02-26,5,225,1,"225 lb || 1 reps","66"
"Barbell Deadlift",2014-02-26,6,225,1,"225 lb || 1 reps","66"
"Barbell Deadlift",2014-02-26,7,225,1,"225 lb || 1 reps","66"
"Barbell Deadlift",2014-02-26,8,225,1,"225 lb || 1 reps","66"
"Barbell Deadlift",2014-02-26,9,225,1,"225 lb || 1 reps","66"
"Barbell Deadlift",2014-03-05,13,135,2,"135 lb || 2 reps","44"
"Barbell Deadlift",2014-03-05,14,225,1,"225 lb || 1 reps","66"
"Barbell Deadlift",2014-03-05,15,315,1,"315 lb || 1 reps","121"
"Barbell Deadlift",2014-03-05,16,315,1,"315 lb || 1 reps","121"
"Barbell Deadlift",2014-03-05,17,315,1,"315 lb || 1 reps","121"
"Barbell Deadlift",2014-03-05,18,315,1,"315 lb || 1 reps","121"
"Barbell Deadlift",2014-03-05,19,315,1,"315 lb || 1 reps","121"
"Barbell Deadlift",2014-03-05,20,315,1,"315 lb || 1 reps","121"
"Barbell Deadlift",2014-03-05,21,315,1,"315 lb || 1 reps","121"
"Barbell Deadlift",2014-03-05,22,315,1,"315 lb || 1 reps","121"
"Barbell Deadlift",2014-03-10,1,95,3,"95 lb || 3 reps","40"
"Barbell Deadlift",2014-03-10,2,145,2,"145 lb || 2 reps","47"
"Barbell Deadlift",2014-03-10,3,245,1,"245 lb || 1 reps","76"
"Barbell Deadlift",2014-03-10,4,295,1,"295 lb || 1 reps","106"
"Barbell Deadlift",2014-03-10,5,325,1,"325 lb || 1 reps","130"
"Barbell Deadlift",2014-03-10,6,380,1,"380 lb || 1 reps","188"
"Barbell Deadlift",2014-03-10,7,405,1,"405 lb || 1 reps","223"
"Barbell Deadlift",2014-03-10,8,405,1,"405 lb || 1 reps","223"
"Barbell Deadlift",2014-03-21,1,135,5,"135 lb || 5 reps","66"
"Barbell Deadlift",2014-03-21,2,225,3,"225 lb || 3 reps","97"
"Barbell Deadlift",2014-03-21,3,315,1,"315 lb || 1 reps","121"
"Barbell Deadlift",2014-03-21,4,325,3,"325 lb || 3 reps","190"
"Barbell Deadlift",2014-03-21,5,325,3,"325 lb || 3 reps","190"
"Barbell Deadlift",2014-03-21,6,325,3,"325 lb || 3 reps","190"
"Barbell Deadlift",2014-03-21,7,325,3,"325 lb || 3 reps","190"
"Barbell Deadlift",2014-03-21,8,325,3,"325 lb || 3 reps","190"
"Barbell Deadlift",2014-03-25,1,95,5,"95 lb || 5 reps","50"
"Barbell Deadlift",2014-03-25,2,135,5,"135 lb || 5 reps","66"
"Barbell Deadlift",2014-03-25,3,185,2,"185 lb || 2 reps","62"
"Barbell Deadlift",2014-03-25,4,275,1,"275 lb || 1 reps","93"
"Barbell Deadlift",2014-03-25,5,335,3,"335 lb || 3 reps","203"
"Barbell Deadlift",2014-03-25,6,335,3,"335 lb || 3 reps","203"
"Barbell Deadlift",2014-03-25,7,335,3,"335 lb || 3 reps","203"
"Barbell Deadlift",2014-03-25,8,335,3,"335 lb || 3 reps","203"
"Barbell Deadlift",2014-03-25,9,335,4,"335 lb || 4 reps","232"
"Barbell Deadlift",2014-04-01,1,135,5,"135 lb || 5 reps","66"
"Barbell Deadlift",2014-04-01,2,225,5,"225 lb || 5 reps","121"
"Barbell Deadlift",2014-04-01,3,315,2,"315 lb || 2 reps","150"
"Barbell Deadlift",2014-04-01,4,355,3,"355 lb || 3 reps","233"
"Barbell Deadlift",2014-04-01,5,355,3,"355 lb || 3 reps","233"
"Barbell Deadlift",2014-04-01,6,355,3,"355 lb || 3 reps","233"
"Barbell Deadlift",2014-04-01,7,355,3,"355 lb || 3 reps","233"
"Barbell Deadlift",2014-04-01,8,355,3,"355 lb || 3 reps","233"
"Barbell Deadlift",2014-04-08,1,135,5,"135 lb || 5 reps","66"
"Barbell Deadlift",2014-04-08,2,225,3,"225 lb || 3 reps","97"
"Barbell Deadlift",2014-04-08,3,315,3,"315 lb || 3 reps","178"
"Barbell Deadlift",2014-04-08,4,365,1,"365 lb || 1 reps","170"
"Barbell Deadlift",2014-04-08,5,405,1,"405 lb || 1 reps","223"
"Barbell Deadlift",2014-04-08,6,455,1,"455 lb || 1 reps","312"
"Barbell Deadlift",2014-04-12,5,135,5,"135 lb || 5 reps","66"
"Barbell Deadlift",2014-04-12,6,225,3,"225 lb || 3 reps","97"
"Barbell Deadlift",2014-04-12,7,315,1,"315 lb || 1 reps","121"
"Barbell Deadlift",2014-04-12,8,365,1,"365 lb || 1 reps","170"
"Barbell Deadlift",2014-04-12,9,405,9,"405 lb || 9 reps","471"
"Barbell Deadlift",2014-04-21,1,85,5,"85 lb || 5 reps","47"
"Barbell Deadlift",2014-04-21,2,135,3,"135 lb || 3 reps","53"
"Barbell Deadlift",2014-04-21,3,225,2,"225 lb || 2 reps","82"
"Barbell Deadlift",2014-04-21,4,315,5,"315 lb || 5 reps","222"
"Barbell Deadlift",2014-04-21,5,315,5,"315 lb || 5 reps","222"
"Barbell Deadlift",2014-04-21,6,315,5,"315 lb || 5 reps","222"
"Barbell Deadlift",2014-04-21,7,315,5,"315 lb || 5 reps","222"
"Barbell Deadlift",2014-04-21,8,315,5,"315 lb || 5 reps","222"
"Barbell Deadlift",2014-04-21,9,315,5,"315 lb || 5 reps","222"
"Barbell Deadlift",2014-04-21,10,315,5,"315 lb || 5 reps","222"
"Barbell Deadlift",2014-05-06,1,135,5,"135 lb || 5 reps","66"
"Barbell Deadlift",2014-05-06,2,225,3,"225 lb || 3 reps","97"
"Barbell Deadlift",2014-05-06,3,315,2,"315 lb || 2 reps","150"
"Barbell Deadlift",2014-05-06,4,315,3,"315 lb || 3 reps","178"
"Barbell Deadlift",2014-05-06,5,315,3,"315 lb || 3 reps","178"
"Barbell Deadlift",2014-05-06,6,315,3,"315 lb || 3 reps","178"
"Barbell Deadlift",2014-05-06,7,315,3,"315 lb || 3 reps","178"
"Barbell Deadlift",2014-05-06,8,315,3,"315 lb || 3 reps","178"
"Barbell Deadlift",2014-05-13,5,135,5,"135 lb || 5 reps","66"
"Barbell Deadlift",2014-05-13,6,225,2,"225 lb || 2 reps","82"
"Barbell Deadlift",2014-05-13,7,315,2,"315 lb || 2 reps","150"
"Barbell Deadlift",2014-05-13,8,335,3,"335 lb || 3 reps","203"
"Barbell Deadlift",2014-05-13,9,335,3,"335 lb || 3 reps","203"
"Barbell Deadlift",2014-05-13,10,335,3,"335 lb || 3 reps","203"
"Barbell Deadlift",2014-05-13,11,335,3,"335 lb || 3 reps","203"
"Barbell Deadlift",2014-05-13,12,335,3,"335 lb || 3 reps","203"
"Barbell Deadlift",2014-05-21,1,135,5,"135 lb || 5 reps","66"
"Barbell Deadlift",2014-05-21,2,225,1,"225 lb || 1 reps","66"
"Barbell Deadlift",2014-05-21,3,315,1,"315 lb || 1 reps","121"
"Barbell Deadlift",2014-05-21,4,365,1,"365 lb || 1 reps","170"
"Barbell Deadlift",2014-05-21,5,405,1,"405 lb || 1 reps","223"
"Barbell Deadlift",2014-05-21,6,455,1,"455 lb || 1 reps","312"
"Barbell Deadlift",2014-05-21,7,205,8,"205 lb || 8 reps","120"
"Barbell Deadlift",2014-05-21,8,205,9,"205 lb || 9 reps","122"
"Barbell Deadlift",2014-05-21,9,205,9,"205 lb || 9 reps","122"
"Barbell Deadlift",2014-05-30,1,135,5,"135 lb || 5 reps","66"
"Barbell Deadlift",2014-05-30,2,225,2,"225 lb || 2 reps","82"
"Barbell Deadlift",2014-05-30,3,315,5,"315 lb || 5 reps","222"
"Barbell Deadlift",2014-05-30,4,325,5,"325 lb || 5 reps","237"
"Barbell Deadlift",2014-05-30,5,355,5,"355 lb || 5 reps","290"
"Barbell Deadlift",2014-06-11,1,135,5,"135 lb || 5 reps","66"
"Barbell Deadlift",2014-06-11,2,225,3,"225 lb || 3 reps","97"
"Barbell Deadlift",2014-06-11,3,285,5,"285 lb || 5 reps","181"
"Barbell Deadlift",2014-06-11,4,315,5,"315 lb || 5 reps","222"
"Barbell Deadlift",2014-06-11,5,355,5,"355 lb || 5 reps","290"
"Barbell Deadlift",2014-06-18,1,135,5,"135 lb || 5 reps","66"
"Barbell Deadlift",2014-06-18,2,225,5,"225 lb || 5 reps","121"
"Barbell Deadlift",2014-06-18,3,285,5,"285 lb || 5 reps","181"
"Barbell Deadlift",2014-06-18,4,315,5,"315 lb || 5 reps","222"
"Barbell Deadlift",2014-06-18,5,355,5,"355 lb || 5 reps","290"
"Barbell Deadlift",2014-06-24,1,135,5,"135 lb || 5 reps","66"
"Barbell Deadlift",2014-06-24,2,225,3,"225 lb || 3 reps","97"
"Barbell Deadlift",2014-06-24,3,250,3,"250 lb || 3 reps","115"
"Barbell Deadlift",2014-06-24,4,290,3,"290 lb || 3 reps","150"
"Barbell Deadlift",2014-06-24,5,330,3,"330 lb || 3 reps","197"
"Barbell Deadlift",2014-06-24,6,370,3,"370 lb || 3 reps","258"
"Barbell Deadlift",2014-07-01,1,135,5,"135 lb || 5 reps","66"
"Barbell Deadlift",2014-07-01,2,225,5,"225 lb || 5 reps","121"
"Barbell Deadlift",2014-07-01,3,275,3,"275 lb || 3 reps","136"
"Barbell Deadlift",2014-07-01,4,315,5,"315 lb || 5 reps","222"
"Barbell Deadlift",2014-07-01,5,350,3,"350 lb || 3 reps","225"
"Barbell Deadlift",2014-07-01,6,390,2,"390 lb || 2 reps","249"
"Barbell Deadlift",2014-07-08,3,135,5,"135 lb || 5 reps","66"
"Barbell Deadlift",2014-07-08,4,185,5,"185 lb || 5 reps","92"
"Barbell Deadlift",2014-07-08,5,225,5,"225 lb || 5 reps","121"
"Barbell Deadlift",2014-07-08,6,255,5,"255 lb || 5 reps","148"
"Barbell Deadlift",2014-07-15,1,135,5,"135 lb || 5 reps","66"
"Barbell Deadlift",2014-07-15,2,185,5,"185 lb || 5 reps","92"
"Barbell Deadlift",2014-07-15,3,225,5,"225 lb || 5 reps","121"
"Barbell Deadlift",2014-07-15,4,260,5,"260 lb || 5 reps","153"
"Barbell Deadlift",2014-07-15,5,260,3,"260 lb || 3 reps","123"
"Barbell Deadlift",2014-07-15,6,275,5,"275 lb || 5 reps","169"
"Barbell Deadlift",2014-07-15,7,315,5,"315 lb || 5 reps","222"
"Barbell Deadlift",2014-07-15,8,365,5,"365 lb || 5 reps","310"
"Barbell Deadlift",2014-07-23,4,135,5,"135 lb || 5 reps","66"
"Barbell Deadlift",2014-07-23,5,225,5,"225 lb || 5 reps","121"
"Barbell Deadlift",2014-07-23,6,285,3,"285 lb || 3 reps","145"
"Barbell Deadlift",2014-07-23,7,315,3,"315 lb || 3 reps","178"
"Barbell Deadlift",2014-07-23,8,335,3,"335 lb || 3 reps","203"
"Barbell Deadlift",2014-07-23,9,385,3,"385 lb || 3 reps","285"
"Barbell Deadlift",2014-07-23,10,195,10,"195 lb || 10 reps","116"
"Barbell Deadlift",2014-07-23,11,195,10,"195 lb || 10 reps","116"
"Barbell Deadlift",2014-07-23,12,195,10,"195 lb || 10 reps","116"
"Barbell Deadlift",2014-07-23,13,195,10,"195 lb || 10 reps","116"
"Barbell Deadlift",2014-07-23,14,195,10,"195 lb || 10 reps","116"
"Barbell Deadlift",2014-07-29,8,135,5,"135 lb || 5 reps","66"
"Barbell Deadlift",2014-07-29,9,225,5,"225 lb || 5 reps","121"
"Barbell Deadlift",2014-07-29,10,315,5,"315 lb || 5 reps","222"
"Barbell Deadlift",2014-07-29,11,365,3,"365 lb || 3 reps","249"
"Barbell Deadlift",2014-07-29,12,405,3,"405 lb || 3 reps","326"
"Barbell Deadlift",2014-08-05,1,135,5,"135 lb || 5 reps","66"
"Barbell Deadlift",2014-08-05,2,225,5,"225 lb || 5 reps","121"
"Barbell Deadlift",2014-08-05,3,255,5,"255 lb || 5 reps","148"
"Barbell Deadlift",2014-08-05,4,255,5,"255 lb || 5 reps","148"
"Barbell Deadlift",2014-08-05,5,255,5,"255 lb || 5 reps","148"
"Barbell Deadlift",2014-08-05,6,255,5,"255 lb || 5 reps","148"
"Barbell Deadlift",2014-08-05,7,255,5,"255 lb || 5 reps","148"
"Barbell Deadlift",2014-08-12,1,135,5,"135 lb || 5 reps","66"
"Barbell Deadlift",2014-08-12,2,225,5,"225 lb || 5 reps","121"
"Barbell Deadlift",2014-08-12,3,315,2,"315 lb || 2 reps","150"
"Barbell Deadlift",2014-08-12,4,375,2,"375 lb || 2 reps","225"
"Barbell Deadlift",2014-08-12,5,375,2,"375 lb || 2 reps","225"
"Barbell Deadlift",2014-08-12,6,375,2,"375 lb || 2 reps","225"
"Barbell Deadlift",2014-08-12,7,375,2,"375 lb || 2 reps","225"
"Barbell Deadlift",2014-08-12,8,375,2,"375 lb || 2 reps","225"
"Barbell Deadlift",2014-08-19,1,135,5,"135 lb || 5 reps","66"
"Barbell Deadlift",2014-08-19,2,225,5,"225 lb || 5 reps","121"
"Barbell Deadlift",2014-08-19,3,305,3,"305 lb || 3 reps","166"
"Barbell Deadlift",2014-08-19,4,305,3,"305 lb || 3 reps","166"
"Barbell Deadlift",2014-08-19,5,305,3,"305 lb || 3 reps","166"
"Barbell Deadlift",2014-08-19,6,305,3,"305 lb || 3 reps","166"
"Barbell Deadlift",2014-08-19,7,305,3,"305 lb || 3 reps","166"
"Barbell Deadlift",2014-08-19,8,305,3,"305 lb || 3 reps","166"
"Barbell Deadlift",2014-08-19,9,305,3,"305 lb || 3 reps","166"
"Barbell Deadlift",2014-08-19,10,305,3,"305 lb || 3 reps","166"
"Barbell Deadlift",2014-08-26,1,135,5,"135 lb || 5 reps","66"
"Barbell Deadlift",2014-08-26,2,225,5,"225 lb || 5 reps","121"
"Barbell Deadlift",2014-08-26,3,315,2,"315 lb || 2 reps","150"
"Barbell Deadlift",2014-08-26,4,325,8,"325 lb || 8 reps","269"
"Barbell Deadlift",2014-08-26,5,325,8,"325 lb || 8 reps","269"
"Barbell Deadlift",2014-08-26,6,325,8,"325 lb || 8 reps","269"
"Barbell Deadlift",2014-09-02,1,135,5,"135 lb || 5 reps","66"
"Barbell Deadlift",2014-09-02,2,225,5,"225 lb || 5 reps","121"
"Barbell Deadlift",2014-09-02,3,315,2,"315 lb || 2 reps","150"
"Barbell Deadlift",2014-09-02,4,365,2,"365 lb || 2 reps","210"
"Barbell Deadlift",2014-09-02,5,395,2,"395 lb || 2 reps","257"
"Barbell Deadlift",2014-09-02,6,395,2,"395 lb || 2 reps","257"
"Barbell Deadlift",2014-09-02,7,395,2,"395 lb || 2 reps","257"
"Barbell Deadlift",2014-09-09,1,135,5,"135 lb || 5 reps","66"
"Barbell Deadlift",2014-09-09,2,225,5,"225 lb || 5 reps","121"
"Barbell Deadlift",2014-09-09,3,315,2,"315 lb || 2 reps","150"
"Barbell Deadlift",2014-09-09,4,325,2,"325 lb || 2 reps","160"
"Barbell Deadlift",2014-09-09,5,325,2,"325 lb || 2 reps","160"
"Barbell Deadlift",2014-09-09,6,325,2,"325 lb || 2 reps","160"
"Barbell Deadlift",2014-09-09,7,325,2,"325 lb || 2 reps","160"
"Barbell Deadlift",2014-09-09,8,325,2,"325 lb || 2 reps","160"
"Barbell Deadlift",2014-09-09,9,325,2,"325 lb || 2 reps","160"
"Barbell Deadlift",2014-09-16,1,135,5,"135 lb || 5 reps","66"
"Barbell Deadlift",2014-09-16,2,225,5,"225 lb || 5 reps","121"
"Barbell Deadlift",2014-09-16,3,315,2,"315 lb || 2 reps","150"
"Barbell Deadlift",2014-09-16,4,355,1,"355 lb || 1 reps","159"
"Barbell Deadlift",2014-09-16,5,370,6,"370 lb || 6 reps","341"
"Barbell Deadlift",2014-09-16,6,370,6,"370 lb || 6 reps","341"
"Barbell Deadlift",2014-09-16,7,370,6,"370 lb || 6 reps","341"
"Barbell Deadlift",2014-09-23,6,135,5,"135 lb || 5 reps","66"
"Barbell Deadlift",2014-09-23,7,225,3,"225 lb || 3 reps","97"
"Barbell Deadlift",2014-09-23,8,315,2,"315 lb || 2 reps","150"
"Barbell Deadlift",2014-09-23,9,365,1,"365 lb || 1 reps","170"
"Barbell Deadlift",2014-09-23,10,415,2,"415 lb || 2 reps","294"
"Barbell Deadlift",2014-09-23,11,430,1,"430 lb || 1 reps","263"
"Barbell Deadlift",2014-09-23,12,440,1,"440 lb || 1 reps","282"
"Barbell Deadlift",2014-09-23,13,370,10,"370 lb || 10 reps","378"
"Barbell Deadlift",2014-09-26,1,95,5,"95 lb || 5 reps","50"
"Barbell Deadlift",2014-09-26,2,135,3,"135 lb || 3 reps","53"
"Barbell Deadlift",2014-09-26,3,185,3,"185 lb || 3 reps","74"
"Barbell Deadlift",2014-09-26,4,215,2,"215 lb || 2 reps","76"
"Barbell Deadlift",2014-09-26,5,215,2,"215 lb || 2 reps","76"
"Barbell Deadlift",2014-09-26,6,215,2,"215 lb || 2 reps","76"
"Barbell Deadlift",2014-09-26,7,215,2,"215 lb || 2 reps","76"
"Barbell Deadlift",2014-09-26,8,215,2,"215 lb || 2 reps","76"
"Barbell Deadlift",2014-09-30,8,135,5,"135 lb || 5 reps","66"
"Barbell Deadlift",2014-09-30,9,225,5,"225 lb || 5 reps","121"
"Barbell Deadlift",2014-09-30,10,315,2,"315 lb || 2 reps","150"
"Barbell Deadlift",2014-09-30,11,350,2,"350 lb || 2 reps","190"
"Barbell Deadlift",2014-09-30,12,350,2,"350 lb || 2 reps","190"
"Barbell Deadlift",2014-09-30,13,350,2,"350 lb || 2 reps","190"
"Barbell Deadlift",2014-09-30,14,350,2,"350 lb || 2 reps","190"
"Barbell Deadlift",2014-09-30,15,350,2,"350 lb || 2 reps","190"
"Barbell Deadlift",2014-10-07,7,135,5,"135 lb || 5 reps","66"
"Barbell Deadlift",2014-10-07,8,155,5,"155 lb || 5 reps","75"
"Barbell Deadlift",2014-10-07,9,225,5,"225 lb || 5 reps","121"
"Barbell Deadlift",2014-10-07,10,315,3,"315 lb || 3 reps","178"
"Barbell Deadlift",2014-10-07,11,365,1,"365 lb || 1 reps","170"
"Barbell Deadlift",2014-10-07,12,395,3,"395 lb || 3 reps","305"
"Barbell Deadlift",2014-10-07,13,395,3,"395 lb || 3 reps","305"
"Barbell Deadlift",2014-10-07,14,395,3,"395 lb || 3 reps","305"
"Barbell Deadlift",2014-10-07,15,370,4,"370 lb || 4 reps","293"
"Barbell Deadlift",2014-10-07,16,370,5,"370 lb || 5 reps","321"
"Barbell Deadlift",2014-10-14,4,135,5,"135 lb || 5 reps","66"
"Barbell Deadlift",2014-10-14,5,225,5,"225 lb || 5 reps","121"
"Barbell Deadlift",2014-10-14,6,315,2,"315 lb || 2 reps","150"
"Barbell Deadlift",2014-10-14,7,365,1,"365 lb || 1 reps","170"
"Barbell Deadlift",2014-10-14,8,405,1,"405 lb || 1 reps","223"
"Barbell Deadlift",2014-10-14,9,465,1,"465 lb || 1 reps","334"
"Barbell Deadlift",2014-10-14,10,500,1,"500 lb || 1 reps","422"
"Barbell Deadlift",2014-10-21,6,135,5,"135 lb || 5 reps","66"
"Barbell Deadlift",2014-10-21,7,225,3,"225 lb || 3 reps","97"
"Barbell Deadlift",2014-10-21,8,255,5,"255 lb || 5 reps","148"
"Barbell Deadlift",2014-10-21,9,255,5,"255 lb || 5 reps","148"
"Barbell Deadlift",2014-10-21,10,255,5,"255 lb || 5 reps","148"
"Barbell Deadlift",2014-10-21,11,255,5,"255 lb || 5 reps","148"
"Barbell Deadlift",2014-10-28,5,135,5,"135 lb || 5 reps","66"
"Barbell Deadlift",2014-10-28,6,225,3,"225 lb || 3 reps","97"
"Barbell Deadlift",2014-10-28,7,270,3,"270 lb || 3 reps","131"
"Barbell Deadlift",2014-10-28,8,295,5,"295 lb || 5 reps","194"
"Barbell Deadlift",2014-10-28,9,345,5,"345 lb || 5 reps","271"
"Barbell Deadlift",2014-10-28,10,385,8,"385 lb || 8 reps","404"
"Barbell Deadlift",2014-11-04,3,135,5,"135 lb || 5 reps","66"
"Barbell Deadlift",2014-11-04,4,225,5,"225 lb || 5 reps","121"
"Barbell Deadlift",2014-11-04,5,315,5,"315 lb || 5 reps","222"
"Barbell Deadlift",2014-11-04,6,365,3,"365 lb || 3 reps","249"
"Barbell Deadlift",2014-11-04,7,405,5,"405 lb || 5 reps","406"
"Barbell Deadlift",2014-11-11,7,135,5,"135 lb || 5 reps","66"
"Barbell Deadlift",2014-11-11,8,225,5,"225 lb || 5 reps","121"
"Barbell Deadlift",2014-11-11,9,315,3,"315 lb || 3 reps","178"
"Barbell Deadlift",2014-11-11,10,340,5,"340 lb || 5 reps","262"
"Barbell Deadlift",2014-11-11,11,385,3,"385 lb || 3 reps","285"
"Barbell Deadlift",2014-11-11,12,430,3,"430 lb || 3 reps","386"
"Barbell Deadlift",2014-12-03,1,135,5,"135 lb || 5 reps","66"
"Barbell Deadlift",2014-12-03,2,225,5,"225 lb || 5 reps","121"
"Barbell Deadlift",2014-12-03,3,315,5,"315 lb || 5 reps","222"
"Barbell Deadlift",2014-12-03,4,365,5,"365 lb || 5 reps","310"
"Barbell Deadlift",2014-12-03,5,398,8,"398 lb || 8 reps","440"
"Barbell Deadlift",2014-12-12,1,135,5,"135 lb || 5 reps","66"
"Barbell Deadlift",2014-12-12,2,225,5,"225 lb || 5 reps","121"
"Barbell Deadlift",2014-12-12,3,315,3,"315 lb || 3 reps","178"
"Barbell Deadlift",2014-12-12,4,365,3,"365 lb || 3 reps","249"
"Barbell Deadlift",2014-12-12,5,405,4,"405 lb || 4 reps","371"
"Barbell Deadlift",2014-12-16,4,135,5,"135 lb || 5 reps","66"
"Barbell Deadlift",2014-12-16,5,225,5,"225 lb || 5 reps","121"
"Barbell Deadlift",2014-12-16,6,315,2,"315 lb || 2 reps","150"
"Barbell Deadlift",2014-12-16,7,345,5,"345 lb || 5 reps","271"
"Barbell Deadlift",2014-12-16,8,395,3,"395 lb || 3 reps","305"
"Barbell Deadlift",2014-12-16,9,440,2,"440 lb || 2 reps","348"
"Barbell Deadlift",2014-12-31,1,135,5,"135 lb || 5 reps","66"
"Barbell Deadlift",2014-12-31,2,225,5,"225 lb || 5 reps","121"
"Barbell Deadlift",2014-12-31,3,275,3,"275 lb || 3 reps","136"
"Barbell Deadlift",2014-12-31,4,305,5,"305 lb || 5 reps","207"
"Barbell Deadlift",2014-12-31,5,355,5,"355 lb || 5 reps","290"
"Barbell Deadlift",2014-12-31,6,405,5,"405 lb || 5 reps","406"
"Barbell Deadlift",2015-01-06,1,135,5,"135 lb || 5 reps","66"
"Barbell Deadlift",2015-01-06,2,225,5,"225 lb || 5 reps","121"
"Barbell Deadlift",2015-01-06,3,275,3,"275 lb || 3 reps","136"
"Barbell Deadlift",2015-01-06,4,315,2,"315 lb || 2 reps","150"
"Barbell Deadlift",2015-01-06,5,335,3,"335 lb || 3 reps","203"
"Barbell Deadlift",2015-01-06,6,355,3,"355 lb || 3 reps","233"
"Barbell Deadlift",2015-01-06,7,425,3,"425 lb || 3 reps","373"
"Barbell Deadlift",2015-01-13,3,135,8,"135 lb || 8 reps","75"
"Barbell Deadlift",2015-01-13,4,225,5,"225 lb || 5 reps","121"
"Barbell Deadlift",2015-01-13,5,315,2,"315 lb || 2 reps","150"
"Barbell Deadlift",2015-01-13,6,355,5,"355 lb || 5 reps","290"
"Barbell Deadlift",2015-01-13,7,400,3,"400 lb || 3 reps","315"
"Barbell Deadlift",2015-01-20,1,135,5,"135 lb || 5 reps","66"
"Barbell Deadlift",2015-01-20,2,185,5,"185 lb || 5 reps","92"
"Barbell Deadlift",2015-01-20,3,195,5,"195 lb || 5 reps","99"
"Barbell Deadlift",2015-01-20,4,235,5,"235 lb || 5 reps","129"
"Barbell Deadlift",2015-01-20,5,285,5,"285 lb || 5 reps","181"
"Barbell Deadlift",2015-01-27,6,135,5,"135 lb || 5 reps","66"
"Barbell Deadlift",2015-01-27,7,225,5,"225 lb || 5 reps","121"
"Barbell Deadlift",2015-01-27,8,285,3,"285 lb || 3 reps","145"
"Barbell Deadlift",2015-01-27,9,315,3,"315 lb || 3 reps","178"
"Barbell Deadlift",2015-01-27,10,365,2,"365 lb || 2 reps","210"
"Barbell Deadlift",2015-01-27,11,390,2,"390 lb || 2 reps","249"
"Barbell Deadlift",2015-01-27,12,390,2,"390 lb || 2 reps","249"
"Barbell Deadlift",2015-01-27,13,390,2,"390 lb || 2 reps","249"
"Barbell Deadlift",2015-01-27,14,390,2,"390 lb || 2 reps","249"
"Barbell Deadlift",2015-01-27,15,390,2,"390 lb || 2 reps","249"
"Barbell Deadlift",2015-02-03,1,135,5,"135 lb || 5 reps","66"
"Barbell Deadlift",2015-02-03,2,225,5,"225 lb || 5 reps","121"
"Barbell Deadlift",2015-02-03,3,285,3,"285 lb || 3 reps","145"
"Barbell Deadlift",2015-02-03,4,315,3,"315 lb || 3 reps","178"
"Barbell Deadlift",2015-02-03,5,315,3,"315 lb || 3 reps","178"
"Barbell Deadlift",2015-02-03,6,315,3,"315 lb || 3 reps","178"
"Barbell Deadlift",2015-02-03,7,315,3,"315 lb || 3 reps","178"
"Barbell Deadlift",2015-02-03,8,315,3,"315 lb || 3 reps","178"
"Barbell Deadlift",2015-02-03,9,315,3,"315 lb || 3 reps","178"
"Barbell Deadlift",2015-02-03,10,315,3,"315 lb || 3 reps","178"
"Barbell Deadlift",2015-02-03,11,315,3,"315 lb || 3 reps","178"
"Barbell Deadlift",2015-02-03,12,295,8,"295 lb || 8 reps","220"
"Barbell Deadlift",2015-02-03,13,295,8,"295 lb || 8 reps","220"
"Barbell Deadlift",2015-02-03,14,295,8,"295 lb || 8 reps","220"
"Barbell Deadlift",2015-02-10,16,135,5,"135 lb || 5 reps","66"
"Barbell Deadlift",2015-02-10,17,225,5,"225 lb || 5 reps","121"
"Barbell Deadlift",2015-02-10,18,285,3,"285 lb || 3 reps","145"
"Barbell Deadlift",2015-02-10,19,315,3,"315 lb || 3 reps","178"
"Barbell Deadlift",2015-02-10,20,345,10,"345 lb || 10 reps","319"
"Barbell Deadlift",2015-02-10,21,345,8,"345 lb || 8 reps","308"
"Barbell Deadlift",2015-02-10,22,345,10,"345 lb || 10 reps","319"
"Barbell Deadlift",2015-02-16,1,135,5,"135 lb || 5 reps","66"
"Barbell Deadlift",2015-02-16,2,225,5,"225 lb || 5 reps","121"
"Barbell Deadlift",2015-02-16,3,285,3,"285 lb || 3 reps","145"
"Barbell Deadlift",2015-02-16,4,315,3,"315 lb || 3 reps","178"
"Barbell Deadlift",2015-02-16,5,375,3,"375 lb || 3 reps","266"
"Barbell Deadlift",2015-02-16,6,405,2,"405 lb || 2 reps","275"
"Barbell Deadlift",2015-02-16,7,415,2,"415 lb || 2 reps","294"
"Barbell Deadlift",2015-02-16,8,415,2,"415 lb || 2 reps","294"
"Barbell Deadlift",2015-02-16,9,415,2,"415 lb || 2 reps","294"
"Barbell Deadlift",2015-02-16,10,390,4,"390 lb || 4 reps","336"
"Barbell Deadlift",2015-02-16,11,390,3,"390 lb || 3 reps","295"
"Barbell Deadlift",2015-02-24,6,135,5,"135 lb || 5 reps","66"
"Barbell Deadlift",2015-02-24,7,225,5,"225 lb || 5 reps","121"
"Barbell Deadlift",2015-02-24,8,285,3,"285 lb || 3 reps","145"
"Barbell Deadlift",2015-02-24,9,315,2,"315 lb || 2 reps","150"
"Barbell Deadlift",2015-02-24,10,340,2,"340 lb || 2 reps","178"
"Barbell Deadlift",2015-02-24,11,340,2,"340 lb || 2 reps","178"
"Barbell Deadlift",2015-02-24,12,340,2,"340 lb || 2 reps","178"
"Barbell Deadlift",2015-02-24,13,340,2,"340 lb || 2 reps","178"
"Barbell Deadlift",2015-02-24,14,340,2,"340 lb || 2 reps","178"
"Barbell Deadlift",2015-02-24,15,340,2,"340 lb || 2 reps","178"
"Barbell Deadlift",2015-02-24,16,315,6,"315 lb || 6 reps","235"
"Barbell Deadlift",2015-02-24,17,315,6,"315 lb || 6 reps","235"
"Barbell Deadlift",2015-02-24,18,315,6,"315 lb || 6 reps","235"
"Barbell Deadlift",2015-03-03,4,135,7,"135 lb || 7 reps","73"
"Barbell Deadlift",2015-03-03,5,225,5,"225 lb || 5 reps","121"
"Barbell Deadlift",2015-03-03,6,285,3,"285 lb || 3 reps","145"
"Barbell Deadlift",2015-03-03,7,315,3,"315 lb || 3 reps","178"
"Barbell Deadlift",2015-03-03,8,365,2,"365 lb || 2 reps","210"
"Barbell Deadlift",2015-03-03,9,390,8,"390 lb || 8 reps","417"
"Barbell Deadlift",2015-03-03,10,390,8,"390 lb || 8 reps","417"
"Barbell Deadlift",2015-03-03,11,390,8,"390 lb || 8 reps","417"
"Barbell Deadlift",2015-03-03,12,365,6,"365 lb || 6 reps","330"
"Barbell Deadlift",2015-03-03,13,365,6,"365 lb || 6 reps","330"
"Barbell Deadlift",2015-03-10,6,135,5,"135 lb || 5 reps","66"
"Barbell Deadlift",2015-03-10,7,225,5,"225 lb || 5 reps","121"
"Barbell Deadlift",2015-03-10,8,285,2,"285 lb || 2 reps","122"
"Barbell Deadlift",2015-03-10,9,315,2,"315 lb || 2 reps","150"
"Barbell Deadlift",2015-03-10,10,365,1,"365 lb || 1 reps","170"
"Barbell Deadlift",2015-03-10,11,405,1,"405 lb || 1 reps","223"
"Barbell Deadlift",2015-03-10,12,440,1,"440 lb || 1 reps","282"
"Barbell Deadlift",2015-03-10,13,450,2,"450 lb || 2 reps","373"
"Barbell Deadlift",2015-03-10,14,465,1,"465 lb || 1 reps","334"
"Barbell Deadlift",2015-03-10,15,390,10,"390 lb || 10 reps","433"
"Barbell Deadlift",2015-03-17,6,135,5,"135 lb || 5 reps","66"
"Barbell Deadlift",2015-03-17,7,225,5,"225 lb || 5 reps","121"
"Barbell Deadlift",2015-03-17,8,275,3,"275 lb || 3 reps","136"
"Barbell Deadlift",2015-03-17,9,315,2,"315 lb || 2 reps","150"
"Barbell Deadlift",2015-03-17,10,365,2,"365 lb || 2 reps","210"
"Barbell Deadlift",2015-03-17,11,365,2,"365 lb || 2 reps","210"
"Barbell Deadlift",2015-03-17,12,365,2,"365 lb || 2 reps","210"
"Barbell Deadlift",2015-03-17,13,365,2,"365 lb || 2 reps","210"
"Barbell Deadlift",2015-03-17,14,365,2,"365 lb || 2 reps","210"
"Barbell Deadlift",2015-03-17,15,345,6,"345 lb || 6 reps","288"
"Barbell Deadlift",2015-03-17,16,345,6,"345 lb || 6 reps","288"
"Barbell Deadlift",2015-03-17,17,345,6,"345 lb || 6 reps","288"
"Barbell Deadlift",2015-03-24,1,135,5,"135 lb || 5 reps","66"
"Barbell Deadlift",2015-03-24,2,225,5,"225 lb || 5 reps","121"
"Barbell Deadlift",2015-03-24,3,285,3,"285 lb || 3 reps","145"
"Barbell Deadlift",2015-03-24,4,315,2,"315 lb || 2 reps","150"
"Barbell Deadlift",2015-03-24,5,365,2,"365 lb || 2 reps","210"
"Barbell Deadlift",2015-03-24,6,405,2,"405 lb || 2 reps","275"
"Barbell Deadlift",2015-03-24,7,415,5,"415 lb || 5 reps","435"
"Barbell Deadlift",2015-03-24,8,415,4,"415 lb || 4 reps","397"
"Barbell Deadlift",2015-03-24,9,415,4,"415 lb || 4 reps","397"
"Barbell Deadlift",2015-03-24,10,390,5,"390 lb || 5 reps","367"
"Barbell Deadlift",2015-03-24,11,390,5,"390 lb || 5 reps","367"
"Barbell Deadlift",2015-03-31,5,135,5,"135 lb || 5 reps","66"
"Barbell Deadlift",2015-03-31,6,225,5,"225 lb || 5 reps","121"
"Barbell Deadlift",2015-03-31,7,275,2,"275 lb || 2 reps","114"
"Barbell Deadlift",2015-03-31,8,315,1,"315 lb || 1 reps","121"
"Barbell Deadlift",2015-03-31,9,365,1,"365 lb || 1 reps","170"
"Barbell Deadlift",2015-03-31,10,405,1,"405 lb || 1 reps","223"
"Barbell Deadlift",2015-03-31,11,455,1,"455 lb || 1 reps","312"
"Barbell Deadlift",2015-03-31,12,500,1,"500 lb || 1 reps","422"
"Barbell Deadlift",2015-04-07,4,135,5,"135 lb || 5 reps","66"
"Barbell Deadlift",2015-04-07,5,225,5,"225 lb || 5 reps","121"
"Barbell Deadlift",2015-04-07,6,255,5,"255 lb || 5 reps","148"
"Barbell Deadlift",2015-04-07,7,255,5,"255 lb || 5 reps","148"
"Barbell Deadlift",2015-04-07,8,255,5,"255 lb || 5 reps","148"
"Barbell Deadlift",2015-04-07,9,255,5,"255 lb || 5 reps","148"
"Barbell Deadlift",2015-04-07,10,255,5,"255 lb || 5 reps","148"
"Barbell Deadlift",2015-04-14,1,135,5,"135 lb || 5 reps","66"
"Barbell Deadlift",2015-04-14,2,225,5,"225 lb || 5 reps","121"
"Barbell Deadlift",2015-04-14,3,285,3,"285 lb || 3 reps","145"
"Barbell Deadlift",2015-04-14,4,315,3,"315 lb || 3 reps","178"
"Barbell Deadlift",2015-04-14,5,325,5,"325 lb || 5 reps","237"
"Barbell Deadlift",2015-04-14,6,375,5,"375 lb || 5 reps","332"
"Barbell Deadlift",2015-04-14,7,425,6,"425 lb || 6 reps","494"
"Barbell Deadlift",2015-04-14,8,375,5,"375 lb || 5 reps","332"
"Barbell Deadlift",2015-04-14,9,325,10,"325 lb || 10 reps","279"
"Barbell Deadlift",2015-04-21,1,135,5,"135 lb || 5 reps","66"
"Barbell Deadlift",2015-04-21,2,225,5,"225 lb || 5 reps","121"
"Barbell Deadlift",2015-04-21,3,275,3,"275 lb || 3 reps","136"
"Barbell Deadlift",2015-04-21,4,315,3,"315 lb || 3 reps","178"
"Barbell Deadlift",2015-04-21,5,365,3,"365 lb || 3 reps","249"
"Barbell Deadlift",2015-04-21,6,405,5,"405 lb || 5 reps","406"
"Barbell Deadlift",2015-04-21,7,365,3,"365 lb || 3 reps","249"
"Barbell Deadlift",2015-04-21,8,315,10,"315 lb || 10 reps","261"
"Barbell Deadlift",2015-04-28,3,135,5,"135 lb || 5 reps","66"
"Barbell Deadlift",2015-04-28,4,225,5,"225 lb || 5 reps","121"
"Barbell Deadlift",2015-04-28,5,275,3,"275 lb || 3 reps","136"
"Barbell Deadlift",2015-04-28,6,315,3,"315 lb || 3 reps","178"
"Barbell Deadlift",2015-04-28,7,340,5,"340 lb || 5 reps","262"
"Barbell Deadlift",2015-04-28,8,385,3,"385 lb || 3 reps","285"
"Barbell Deadlift",2015-04-28,9,430,3,"430 lb || 3 reps","386"
"Barbell Deadlift",2015-04-28,10,385,3,"385 lb || 3 reps","285"
"Barbell Deadlift",2015-04-28,11,340,8,"340 lb || 8 reps","298"
"Barbell Deadlift",2015-05-05,3,135,5,"135 lb || 5 reps","66"
"Barbell Deadlift",2015-05-05,4,185,5,"185 lb || 5 reps","92"
"Barbell Deadlift",2015-05-05,5,225,5,"225 lb || 5 reps","121"
"Barbell Deadlift",2015-05-05,6,275,5,"275 lb || 5 reps","169"
"Barbell Deadlift",2015-05-11,1,135,5,"135 lb || 5 reps","66"
"Barbell Deadlift",2015-05-11,2,225,5,"225 lb || 5 reps","121"
"Barbell Deadlift",2015-05-11,3,275,3,"275 lb || 3 reps","136"
"Barbell Deadlift",2015-05-11,4,285,5,"285 lb || 5 reps","181"
"Barbell Deadlift",2015-05-11,5,305,5,"305 lb || 5 reps","207"
"Barbell Deadlift",2015-05-11,6,345,5,"345 lb || 5 reps","271"
"Barbell Deadlift",2015-05-11,7,395,6,"395 lb || 6 reps","404"
"Barbell Deadlift",2015-05-11,8,345,5,"345 lb || 5 reps","271"
"Barbell Deadlift",2015-05-11,9,305,10,"305 lb || 10 reps","244"
"Barbell Deadlift",2015-05-20,4,135,5,"135 lb || 5 reps","66"
"Barbell Deadlift",2015-05-20,5,225,5,"225 lb || 5 reps","121"
"Barbell Deadlift",2015-05-20,6,275,3,"275 lb || 3 reps","136"
"Barbell Deadlift",2015-05-20,7,315,3,"315 lb || 3 reps","178"
"Barbell Deadlift",2015-05-20,8,325,3,"325 lb || 3 reps","190"
"Barbell Deadlift",2015-05-20,9,370,3,"370 lb || 3 reps","258"
"Barbell Deadlift",2015-05-20,10,415,6,"415 lb || 6 reps","462"
"Barbell Deadlift",2015-05-20,11,370,3,"370 lb || 3 reps","258"
"Barbell Deadlift",2015-05-20,12,325,10,"325 lb || 10 reps","279"
"Barbell Deadlift",2015-05-25,1,135,5,"135 lb || 5 reps","66"
"Barbell Deadlift",2015-05-25,2,225,5,"225 lb || 5 reps","121"
"Barbell Deadlift",2015-05-25,3,275,3,"275 lb || 3 reps","136"
"Barbell Deadlift",2015-05-25,4,315,3,"315 lb || 3 reps","178"
"Barbell Deadlift",2015-05-25,5,345,5,"345 lb || 5 reps","271"
"Barbell Deadlift",2015-05-25,6,395,3,"395 lb || 3 reps","305"
"Barbell Deadlift",2015-05-25,7,440,2,"440 lb || 2 reps","348"
"Barbell Deadlift",2015-05-25,8,395,3,"395 lb || 3 reps","305"
"Barbell Deadlift",2015-05-25,9,345,7,"345 lb || 7 reps","300"
"Barbell Deadlift",2015-06-02,1,135,5,"135 lb || 5 reps","66"
"Barbell Deadlift",2015-06-02,2,185,5,"185 lb || 5 reps","92"
"Barbell Deadlift",2015-06-02,3,230,5,"230 lb || 5 reps","125"
"Barbell Deadlift",2015-06-02,4,280,5,"280 lb || 5 reps","175"
"Barbell Deadlift",2015-06-07,1,135,5,"135 lb || 5 reps","66"
"Barbell Deadlift",2015-06-07,2,225,5,"225 lb || 5 reps","121"
"Barbell Deadlift",2015-06-07,3,275,5,"275 lb || 5 reps","169"
"Barbell Deadlift",2015-06-07,4,295,2,"295 lb || 2 reps","131"
"Barbell Deadlift",2015-06-07,5,305,5,"305 lb || 5 reps","207"
"Barbell Deadlift",2015-06-07,6,355,5,"355 lb || 5 reps","290"
"Barbell Deadlift",2015-06-07,7,400,6,"400 lb || 6 reps","417"
"Barbell Deadlift",2015-06-07,8,355,5,"355 lb || 5 reps","290"
"Barbell Deadlift",2015-06-07,9,305,10,"305 lb || 10 reps","244"
"Barbell Deadlift",2015-06-16,1,135,5,"135 lb || 5 reps","66"
"Barbell Deadlift",2015-06-16,2,225,5,"225 lb || 5 reps","121"
"Barbell Deadlift",2015-06-16,3,275,3,"275 lb || 3 reps","136"
"Barbell Deadlift",2015-06-16,4,315,3,"315 lb || 3 reps","178"
"Barbell Deadlift",2015-06-16,5,330,3,"330 lb || 3 reps","197"
"Barbell Deadlift",2015-06-16,6,375,3,"375 lb || 3 reps","266"
"Barbell Deadlift",2015-06-16,7,410,4,"410 lb || 4 reps","384"
"Barbell Deadlift",2015-06-16,8,375,3,"375 lb || 3 reps","266"
"Barbell Deadlift",2015-06-16,9,330,10,"330 lb || 10 reps","289"
"Barbell Deadlift",2015-06-23,3,135,5,"135 lb || 5 reps","66"
"Barbell Deadlift",2015-06-23,4,185,5,"185 lb || 5 reps","92"
"Barbell Deadlift",2015-06-23,5,225,3,"225 lb || 3 reps","97"
"Barbell Deadlift",2015-06-23,6,245,3,"245 lb || 3 reps","111"
"Barbell Deadlift",2015-06-23,7,285,3,"285 lb || 3 reps","145"
"Barbell Deadlift",2015-06-23,8,315,3,"315 lb || 3 reps","178"
"Barbell Deadlift",2015-06-23,9,335,3,"335 lb || 3 reps","203"
"Barbell Deadlift",2015-06-23,10,355,5,"355 lb || 5 reps","290"
"Barbell Deadlift",2015-06-23,11,400,3,"400 lb || 3 reps","315"
"Barbell Deadlift",2015-06-23,12,445,3,"445 lb || 3 reps","427"
"Barbell Deadlift",2015-06-23,13,400,3,"400 lb || 3 reps","315"
"Barbell Deadlift",2015-06-23,14,355,8,"355 lb || 8 reps","330"
"Barbell Deadlift",2015-07-07,3,135,5,"135 lb || 5 reps","66"
"Barbell Deadlift",2015-07-07,4,225,5,"225 lb || 5 reps","121"
"Barbell Deadlift",2015-07-07,5,275,3,"275 lb || 3 reps","136"
"Barbell Deadlift",2015-07-07,6,315,3,"315 lb || 3 reps","178"
"Barbell Deadlift",2015-07-07,7,365,2,"365 lb || 2 reps","210"
"Barbell Deadlift",2015-07-07,8,385,2,"385 lb || 2 reps","241"
"Barbell Deadlift",2015-07-07,9,390,2,"390 lb || 2 reps","249"
"Barbell Deadlift",2015-07-07,10,390,2,"390 lb || 2 reps","249"
"Barbell Deadlift",2015-07-07,11,390,2,"390 lb || 2 reps","249"
"Barbell Deadlift",2015-07-07,12,390,2,"390 lb || 2 reps","249"
"Barbell Deadlift",2015-07-07,13,390,2,"390 lb || 2 reps","249"
"Barbell Deadlift",2015-07-14,3,135,5,"135 lb || 5 reps","66"
"Barbell Deadlift",2015-07-14,4,225,5,"225 lb || 5 reps","121"
"Barbell Deadlift",2015-07-14,5,275,3,"275 lb || 3 reps","136"
"Barbell Deadlift",2015-07-14,6,315,3,"315 lb || 3 reps","178"
"Barbell Deadlift",2015-07-14,7,315,3,"315 lb || 3 reps","178"
"Barbell Deadlift",2015-07-14,8,315,3,"315 lb || 3 reps","178"
"Barbell Deadlift",2015-07-14,9,315,3,"315 lb || 3 reps","178"
"Barbell Deadlift",2015-07-14,10,315,3,"315 lb || 3 reps","178"
"Barbell Deadlift",2015-07-14,11,315,3,"315 lb || 3 reps","178"
"Barbell Deadlift",2015-07-14,12,315,3,"315 lb || 3 reps","178"
"Barbell Deadlift",2015-07-14,13,315,3,"315 lb || 3 reps","178"
"Barbell Deadlift",2015-07-21,3,135,5,"135 lb || 5 reps","66"
"Barbell Deadlift",2015-07-21,4,225,5,"225 lb || 5 reps","121"
"Barbell Deadlift",2015-07-21,5,275,3,"275 lb || 3 reps","136"
"Barbell Deadlift",2015-07-21,6,315,2,"315 lb || 2 reps","150"
"Barbell Deadlift",2015-07-21,7,340,10,"340 lb || 10 reps","309"
"Barbell Deadlift",2015-07-21,8,340,10,"340 lb || 10 reps","309"
"Barbell Deadlift",2015-07-21,9,340,10,"340 lb || 10 reps","309"
"Barbell Deadlift",2015-07-28,4,135,5,"135 lb || 5 reps","66"
"Barbell Deadlift",2015-07-28,5,225,5,"225 lb || 5 reps","121"
"Barbell Deadlift",2015-07-28,6,275,3,"275 lb || 3 reps","136"
"Barbell Deadlift",2015-07-28,7,315,3,"315 lb || 3 reps","178"
"Barbell Deadlift",2015-07-28,8,365,2,"365 lb || 2 reps","210"
"Barbell Deadlift",2015-07-28,9,405,2,"405 lb || 2 reps","275"
"Barbell Deadlift",2015-07-28,10,415,2,"415 lb || 2 reps","294"
"Barbell Deadlift",2015-07-28,11,415,2,"415 lb || 2 reps","294"
"Barbell Deadlift",2015-07-28,12,415,2,"415 lb || 2 reps","294"
"Barbell Deadlift",2015-08-04,3,135,5,"135 lb || 5 reps","66"
"Barbell Deadlift",2015-08-04,4,225,5,"225 lb || 5 reps","121"
"Barbell Deadlift",2015-08-04,5,275,3,"275 lb || 3 reps","136"
"Barbell Deadlift",2015-08-04,6,315,3,"315 lb || 3 reps","178"
"Barbell Deadlift",2015-08-04,7,340,2,"340 lb || 2 reps","178"
"Barbell Deadlift",2015-08-04,8,340,2,"340 lb || 2 reps","178"
"Barbell Deadlift",2015-08-04,9,340,2,"340 lb || 2 reps","178"
"Barbell Deadlift",2015-08-04,10,340,2,"340 lb || 2 reps","178"
"Barbell Deadlift",2015-08-04,11,340,2,"340 lb || 2 reps","178"
"Barbell Deadlift",2015-08-04,12,340,2,"340 lb || 2 reps","178"
"Barbell Deadlift",2015-08-11,3,135,5,"135 lb || 5 reps","66"
"Barbell Deadlift",2015-08-11,4,225,5,"225 lb || 5 reps","121"
"Barbell Deadlift",2015-08-11,5,275,3,"275 lb || 3 reps","136"
"Barbell Deadlift",2015-08-11,6,315,2,"315 lb || 2 reps","150"
"Barbell Deadlift",2015-08-11,7,365,2,"365 lb || 2 reps","210"
"Barbell Deadlift",2015-08-11,8,385,2,"385 lb || 2 reps","241"
"Barbell Deadlift",2015-08-11,9,390,5,"390 lb || 5 reps","367"
"Barbell Deadlift",2015-08-11,10,390,5,"390 lb || 5 reps","367"
"Barbell Deadlift",2015-08-11,11,390,5,"390 lb || 5 reps","367"
"Barbell Deadlift",2015-08-18,6,135,5,"135 lb || 5 reps","66"
"Barbell Deadlift",2015-08-18,7,225,3,"225 lb || 3 reps","97"
"Barbell Deadlift",2015-08-18,8,275,3,"275 lb || 3 reps","136"
"Barbell Deadlift",2015-08-18,9,315,3,"315 lb || 3 reps","178"
"Barbell Deadlift",2015-08-18,10,365,2,"365 lb || 2 reps","210"
"Barbell Deadlift",2015-08-18,11,405,1,"405 lb || 1 reps","223"
"Barbell Deadlift",2015-08-18,12,415,1,"415 lb || 1 reps","238"
"Barbell Deadlift",2015-08-18,13,440,2,"440 lb || 2 reps","348"
"Barbell Deadlift",2015-08-18,14,450,1,"450 lb || 1 reps","302"
"Barbell Deadlift",2015-08-18,15,465,1,"465 lb || 1 reps","334"
"Barbell Deadlift",2015-08-18,16,390,4,"390 lb || 4 reps","336"
"Barbell Deadlift",2015-08-25,3,135,5,"135 lb || 5 reps","66"
"Barbell Deadlift",2015-08-25,4,225,5,"225 lb || 5 reps","121"
"Barbell Deadlift",2015-08-25,5,275,3,"275 lb || 3 reps","136"
"Barbell Deadlift",2015-08-25,6,315,3,"315 lb || 3 reps","178"
"Barbell Deadlift",2015-08-25,7,365,2,"365 lb || 2 reps","210"
"Barbell Deadlift",2015-08-25,8,365,2,"365 lb || 2 reps","210"
"Barbell Deadlift",2015-08-25,9,365,2,"365 lb || 2 reps","210"
"Barbell Deadlift",2015-08-25,10,365,2,"365 lb || 2 reps","210"
"Barbell Deadlift",2015-08-25,11,365,2,"365 lb || 2 reps","210"
"Barbell Deadlift",2015-08-29,19,135,1,"135 lb || 1 reps","36"
"Barbell Deadlift",2015-08-29,20,185,1,"185 lb || 1 reps","50"
"Barbell Deadlift",2015-08-29,21,185,1,"185 lb || 1 reps","50"
"Barbell Deadlift",2015-08-29,22,185,1,"185 lb || 1 reps","50"
"Barbell Deadlift",2015-08-29,23,185,1,"185 lb || 1 reps","50"
"Barbell Deadlift",2015-09-01,3,135,5,"135 lb || 5 reps","66"
"Barbell Deadlift",2015-09-01,4,225,5,"225 lb || 5 reps","121"
"Barbell Deadlift",2015-09-01,5,275,3,"275 lb || 3 reps","136"
"Barbell Deadlift",2015-09-01,6,315,3,"315 lb || 3 reps","178"
"Barbell Deadlift",2015-09-01,7,365,3,"365 lb || 3 reps","249"
"Barbell Deadlift",2015-09-01,8,405,2,"405 lb || 2 reps","275"
"Barbell Deadlift",2015-09-01,9,415,3,"415 lb || 3 reps","349"
"Barbell Deadlift",2015-09-01,10,415,3,"415 lb || 3 reps","349"
"Barbell Deadlift",2015-09-01,11,415,3,"415 lb || 3 reps","349"
"Barbell Deadlift",2015-09-08,8,135,5,"135 lb || 5 reps","66"
"Barbell Deadlift",2015-09-08,9,225,2,"225 lb || 2 reps","82"
"Barbell Deadlift",2015-09-08,10,275,2,"275 lb || 2 reps","114"
"Barbell Deadlift",2015-09-08,11,315,2,"315 lb || 2 reps","150"
"Barbell Deadlift",2015-09-08,12,365,2,"365 lb || 2 reps","210"
"Barbell Deadlift",2015-09-08,13,405,1,"405 lb || 1 reps","223"
"Barbell Deadlift",2015-09-08,14,455,1,"455 lb || 1 reps","312"
"Barbell Deadlift",2015-09-15,5,135,5,"135 lb || 5 reps","66"
"Barbell Deadlift",2015-09-15,6,225,5,"225 lb || 5 reps","121"
"Barbell Deadlift",2015-09-15,7,255,5,"255 lb || 5 reps","148"
"Barbell Deadlift",2015-09-15,8,255,5,"255 lb || 5 reps","148"
"Barbell Deadlift",2015-09-15,9,255,5,"255 lb || 5 reps","148"
"Barbell Deadlift",2015-09-22,3,135,5,"135 lb || 5 reps","66"
"Barbell Deadlift",2015-09-22,4,225,5,"225 lb || 5 reps","121"
"Barbell Deadlift",2015-09-22,5,275,3,"275 lb || 3 reps","136"
"Barbell Deadlift",2015-09-22,6,315,3,"315 lb || 3 reps","178"
"Barbell Deadlift",2015-09-22,7,365,2,"365 lb || 2 reps","210"
"Barbell Deadlift",2015-09-22,8,380,2,"380 lb || 2 reps","233"
"Barbell Deadlift",2015-09-22,9,380,2,"380 lb || 2 reps","233"
"Barbell Deadlift",2015-09-22,10,380,2,"380 lb || 2 reps","233"
"Barbell Deadlift",2015-09-22,11,380,2,"380 lb || 2 reps","233"
"Barbell Deadlift",2015-09-22,12,380,2,"380 lb || 2 reps","233"
"Barbell Deadlift",2015-09-22,27,155,1,"155 lb || 1 reps","41"
"Barbell Deadlift",2015-09-22,28,155,1,"155 lb || 1 reps","41"
"Barbell Deadlift",2015-09-22,29,155,1,"155 lb || 1 reps","41"
"Barbell Deadlift",2015-09-22,30,155,1,"155 lb || 1 reps","41"
"Barbell Deadlift",2015-09-25,36,155,1,"155 lb || 1 reps","41"
"Barbell Deadlift",2015-09-25,37,155,1,"155 lb || 1 reps","41"
"Barbell Deadlift",2015-09-25,38,155,1,"155 lb || 1 reps","41"
"Barbell Deadlift",2015-09-25,39,155,1,"155 lb || 1 reps","41"
"Barbell Deadlift",2015-09-27,1,135,5,"135 lb || 5 reps","66"
"Barbell Deadlift",2015-09-27,2,225,5,"225 lb || 5 reps","121"
"Barbell Deadlift",2015-09-27,3,275,5,"275 lb || 5 reps","169"
"Barbell Deadlift",2015-09-27,4,315,2,"315 lb || 2 reps","150"
"Barbell Deadlift",2015-09-27,5,315,3,"315 lb || 3 reps","178"
"Barbell Deadlift",2015-09-27,6,315,3,"315 lb || 3 reps","178"
"Barbell Deadlift",2015-09-27,7,315,3,"315 lb || 3 reps","178"
"Barbell Deadlift",2015-09-27,8,315,3,"315 lb || 3 reps","178"
"Barbell Deadlift",2015-09-27,9,315,3,"315 lb || 3 reps","178"
"Barbell Deadlift",2015-09-27,10,315,3,"315 lb || 3 reps","178"
"Barbell Deadlift",2015-09-27,11,315,3,"315 lb || 3 reps","178"
"Barbell Deadlift",2015-09-27,12,315,3,"315 lb || 3 reps","178"
"Barbell Deadlift",2015-09-27,23,165,1,"165 lb || 1 reps","44"
"Barbell Deadlift",2015-09-27,24,165,1,"165 lb || 1 reps","44"
"Barbell Deadlift",2015-09-27,25,165,1,"165 lb || 1 reps","44"
"Barbell Deadlift",2015-09-27,26,165,1,"165 lb || 1 reps","44"
"Barbell Deadlift",2015-10-01,38,45,1,"45 lb || 1 reps","19"
"Barbell Deadlift",2015-10-01,39,165,1,"165 lb || 1 reps","44"
"Barbell Deadlift",2015-10-01,40,165,1,"165 lb || 1 reps","44"
"Barbell Deadlift",2015-10-01,41,165,1,"165 lb || 1 reps","44"
"Barbell Deadlift",2015-10-01,42,165,1,"165 lb || 1 reps","44"
"Barbell Deadlift",2015-10-04,1,45,5,"45 lb || 5 reps","36"
"Barbell Deadlift",2015-10-04,2,135,5,"135 lb || 5 reps","66"
"Barbell Deadlift",2015-10-04,3,225,5,"225 lb || 5 reps","121"
"Barbell Deadlift",2015-10-04,4,275,5,"275 lb || 5 reps","169"
"Barbell Deadlift",2015-10-04,5,315,3,"315 lb || 3 reps","178"
"Barbell Deadlift",2015-10-04,6,335,10,"335 lb || 10 reps","299"
"Barbell Deadlift",2015-10-04,7,335,11,"335 lb || 11 reps","303"
"Barbell Deadlift",2015-10-04,8,335,11,"335 lb || 11 reps","303"
"Barbell Deadlift",2015-10-07,32,155,1,"155 lb || 1 reps","41"
"Barbell Deadlift",2015-10-07,33,155,1,"155 lb || 1 reps","41"
"Barbell Deadlift",2015-10-07,34,155,1,"155 lb || 1 reps","41"
"Barbell Deadlift",2015-10-07,35,155,1,"155 lb || 1 reps","41"
"Barbell Deadlift",2015-10-13,3,133,5,"133 lb || 5 reps","65"
"Barbell Deadlift",2015-10-13,4,225,5,"225 lb || 5 reps","121"
"Barbell Deadlift",2015-10-13,5,265,3,"265 lb || 3 reps","127"
"Barbell Deadlift",2015-10-13,6,315,3,"315 lb || 3 reps","178"
"Barbell Deadlift",2015-10-13,7,365,3,"365 lb || 3 reps","249"
"Barbell Deadlift",2015-10-13,8,405,2,"405 lb || 2 reps","275"
"Barbell Deadlift",2015-10-13,9,405,2,"405 lb || 2 reps","275"
"Barbell Deadlift",2015-10-13,10,405,2,"405 lb || 2 reps","275"
"Barbell Deadlift",2015-10-13,11,430,2,"430 lb || 2 reps","326"
"Barbell Deadlift",2015-10-13,12,430,2,"430 lb || 2 reps","326"
"Barbell Deadlift",2015-10-13,34,135,1,"135 lb || 1 reps","36"
"Barbell Deadlift",2015-10-13,35,155,1,"155 lb || 1 reps","41"
"Barbell Deadlift",2015-10-13,36,155,1,"155 lb || 1 reps","41"
"Barbell Deadlift",2015-10-13,37,155,1,"155 lb || 1 reps","41"
"Barbell Deadlift",2015-10-13,38,155,1,"155 lb || 1 reps","41"
"Barbell Deadlift",2015-10-16,40,135,1,"135 lb || 1 reps","36"
"Barbell Deadlift",2015-10-16,41,155,1,"155 lb || 1 reps","41"
"Barbell Deadlift",2015-10-16,42,155,1,"155 lb || 1 reps","41"
"Barbell Deadlift",2015-10-16,43,155,1,"155 lb || 1 reps","41"
"Barbell Deadlift",2015-10-16,44,155,1,"155 lb || 1 reps","41"
"Barbell Deadlift",2015-10-20,3,45,5,"45 lb || 5 reps","36"
"Barbell Deadlift",2015-10-20,4,135,5,"135 lb || 5 reps","66"
"Barbell Deadlift",2015-10-20,5,225,5,"225 lb || 5 reps","121"
"Barbell Deadlift",2015-10-20,6,275,3,"275 lb || 3 reps","136"
"Barbell Deadlift",2015-10-20,7,315,3,"315 lb || 3 reps","178"
"Barbell Deadlift",2015-10-20,8,335,2,"335 lb || 2 reps","172"
"Barbell Deadlift",2015-10-20,9,335,2,"335 lb || 2 reps","172"
"Barbell Deadlift",2015-10-20,10,335,2,"335 lb || 2 reps","172"
"Barbell Deadlift",2015-10-20,11,335,2,"335 lb || 2 reps","172"
"Barbell Deadlift",2015-10-20,12,335,2,"335 lb || 2 reps","172"
"Barbell Deadlift",2015-10-20,13,335,2,"335 lb || 2 reps","172"
"Barbell Deadlift",2015-10-20,24,135,1,"135 lb || 1 reps","36"
"Barbell Deadlift",2015-10-20,25,165,1,"165 lb || 1 reps","44"
"Barbell Deadlift",2015-10-20,26,165,1,"165 lb || 1 reps","44"
"Barbell Deadlift",2015-10-20,27,165,1,"165 lb || 1 reps","44"
"Barbell Deadlift",2015-10-20,28,165,1,"165 lb || 1 reps","44"
"Barbell Deadlift",2015-10-23,28,135,1,"135 lb || 1 reps","36"
"Barbell Deadlift",2015-10-23,29,165,1,"165 lb || 1 reps","44"
"Barbell Deadlift",2015-10-23,30,165,1,"165 lb || 1 reps","44"
"Barbell Deadlift",2015-10-23,31,165,1,"165 lb || 1 reps","44"
"Barbell Deadlift",2015-10-23,32,165,1,"165 lb || 1 reps","44"
"Barbell Deadlift",2015-10-27,3,45,5,"45 lb || 5 reps","36"
"Barbell Deadlift",2015-10-27,4,135,5,"135 lb || 5 reps","66"
"Barbell Deadlift",2015-10-27,5,225,5,"225 lb || 5 reps","121"
"Barbell Deadlift",2015-10-27,6,275,3,"275 lb || 3 reps","136"
"Barbell Deadlift",2015-10-27,7,315,3,"315 lb || 3 reps","178"
"Barbell Deadlift",2015-10-27,8,365,2,"365 lb || 2 reps","210"
"Barbell Deadlift",2015-10-27,9,380,8,"380 lb || 8 reps","390"
"Barbell Deadlift",2015-10-27,10,380,8,"380 lb || 8 reps","390"
"Barbell Deadlift",2015-10-27,11,380,8,"380 lb || 8 reps","390"
"Barbell Deadlift",2015-10-27,12,405,3,"405 lb || 3 reps","326"
"Barbell Deadlift",2015-10-27,13,405,3,"405 lb || 3 reps","326"
"Barbell Deadlift",2015-11-03,3,45,5,"45 lb || 5 reps","36"
"Barbell Deadlift",2015-11-03,4,135,5,"135 lb || 5 reps","66"
"Barbell Deadlift",2015-11-03,5,225,5,"225 lb || 5 reps","121"
"Barbell Deadlift",2015-11-03,6,275,3,"275 lb || 3 reps","136"
"Barbell Deadlift",2015-11-03,7,315,3,"315 lb || 3 reps","178"
"Barbell Deadlift",2015-11-03,8,365,3,"365 lb || 3 reps","249"
"Barbell Deadlift",2015-11-03,9,405,2,"405 lb || 2 reps","275"
"Barbell Deadlift",2015-11-03,10,430,2,"430 lb || 2 reps","326"
"Barbell Deadlift",2015-11-03,11,440,1,"440 lb || 1 reps","282"
"Barbell Deadlift",2015-11-03,12,455,1,"455 lb || 1 reps","312"
"Barbell Deadlift",2015-11-03,13,380,12,"380 lb || 12 reps","415"
"Barbell Deadlift",2015-11-03,35,135,1,"135 lb || 1 reps","36"
"Barbell Deadlift",2015-11-03,36,165,1,"165 lb || 1 reps","44"
"Barbell Deadlift",2015-11-03,37,165,1,"165 lb || 1 reps","44"
"Barbell Deadlift",2015-11-03,38,165,1,"165 lb || 1 reps","44"
"Barbell Deadlift",2015-11-03,39,165,1,"165 lb || 1 reps","44"
"Barbell Deadlift",2015-11-03,40,165,1,"165 lb || 1 reps","44"
"Barbell Deadlift",2015-11-10,3,45,5,"45 lb || 5 reps","36"
"Barbell Deadlift",2015-11-10,4,135,5,"135 lb || 5 reps","66"
"Barbell Deadlift",2015-11-10,5,225,5,"225 lb || 5 reps","121"
"Barbell Deadlift",2015-11-10,6,275,5,"275 lb || 5 reps","169"
"Barbell Deadlift",2015-11-10,7,315,3,"315 lb || 3 reps","178"
"Barbell Deadlift",2015-11-10,8,365,2,"365 lb || 2 reps","210"
"Barbell Deadlift",2015-11-10,9,365,2,"365 lb || 2 reps","210"
"Barbell Deadlift",2015-11-10,10,365,2,"365 lb || 2 reps","210"
"Barbell Deadlift",2015-11-10,11,365,2,"365 lb || 2 reps","210"
"Barbell Deadlift",2015-11-10,12,365,2,"365 lb || 2 reps","210"
"Barbell Deadlift",2015-11-10,13,380,5,"380 lb || 5 reps","343"
"Barbell Deadlift",2015-11-10,14,380,5,"380 lb || 5 reps","343"
"Barbell Deadlift",2015-11-10,15,380,5,"380 lb || 5 reps","343"
"Barbell Deadlift",2015-11-10,19,165,1,"165 lb || 1 reps","44"
"Barbell Deadlift",2015-11-10,20,165,1,"165 lb || 1 reps","44"
"Barbell Deadlift",2015-11-10,21,165,1,"165 lb || 1 reps","44"
"Barbell Deadlift",2015-11-10,22,165,1,"165 lb || 1 reps","44"
"Barbell Deadlift",2015-11-12,35,135,1,"135 lb || 1 reps","36"
"Barbell Deadlift",2015-11-12,36,165,1,"165 lb || 1 reps","44"
"Barbell Deadlift",2015-11-12,37,165,1,"165 lb || 1 reps","44"
"Barbell Deadlift",2015-11-12,38,165,1,"165 lb || 1 reps","44"
"Barbell Deadlift",2015-11-12,39,165,1,"165 lb || 1 reps","44"
"Barbell Deadlift",2015-11-17,3,45,5,"45 lb || 5 reps","36"
"Barbell Deadlift",2015-11-17,4,135,5,"135 lb || 5 reps","66"
"Barbell Deadlift",2015-11-17,5,225,5,"225 lb || 5 reps","121"
"Barbell Deadlift",2015-11-17,6,275,5,"275 lb || 5 reps","169"
"Barbell Deadlift",2015-11-17,7,315,3,"315 lb || 3 reps","178"
"Barbell Deadlift",2015-11-17,8,365,3,"365 lb || 3 reps","249"
"Barbell Deadlift",2015-11-17,9,405,5,"405 lb || 5 reps","406"
"Barbell Deadlift",2015-11-17,10,405,5,"405 lb || 5 reps","406"
"Barbell Deadlift",2015-11-17,11,405,5,"405 lb || 5 reps","406"
"Barbell Deadlift",2015-11-17,12,430,2,"430 lb || 2 reps","326"
"Barbell Deadlift",2015-11-17,13,430,2,"430 lb || 2 reps","326"
"Barbell Deadlift",2015-12-01,3,45,5,"45 lb || 5 reps","36"
"Barbell Deadlift",2015-12-01,4,135,5,"135 lb || 5 reps","66"
"Barbell Deadlift",2015-12-01,5,225,5,"225 lb || 5 reps","121"
"Barbell Deadlift",2015-12-01,6,275,3,"275 lb || 3 reps","136"
"Barbell Deadlift",2015-12-01,7,315,3,"315 lb || 3 reps","178"
"Barbell Deadlift",2015-12-01,8,365,3,"365 lb || 3 reps","249"
"Barbell Deadlift",2015-12-01,9,405,2,"405 lb || 2 reps","275"
"Barbell Deadlift",2015-12-01,10,455,1,"455 lb || 1 reps","312"
"Barbell Deadlift",2015-12-01,11,475,1,"475 lb || 1 reps","357"
"Barbell Deadlift",2015-12-08,4,265,3,"265 lb || 3 reps","127"
"Barbell Deadlift",2015-12-08,5,315,5,"315 lb || 5 reps","222"
"Barbell Deadlift",2015-12-08,6,365,5,"365 lb || 5 reps","310"
"Barbell Deadlift",2015-12-08,7,415,6,"415 lb || 6 reps","462"
"Barbell Deadlift",2015-12-08,8,435,1,"435 lb || 1 reps","273"
"Barbell Deadlift",2015-12-08,9,315,3,"315 lb || 3 reps","178"
"Barbell Deadlift",2015-12-08,10,315,5,"315 lb || 5 reps","222"
"Barbell Deadlift",2015-12-08,11,315,3,"315 lb || 3 reps","178"
"Barbell Deadlift",2015-12-08,12,315,3,"315 lb || 3 reps","178"
"Barbell Deadlift",2015-12-08,13,315,3,"315 lb || 3 reps","178"
"Barbell Deadlift",2015-12-11,23,135,1,"135 lb || 1 reps","36"
"Barbell Deadlift",2015-12-11,24,165,1,"165 lb || 1 reps","44"
"Barbell Deadlift",2015-12-11,25,165,1,"165 lb || 1 reps","44"
"Barbell Deadlift",2015-12-11,26,165,1,"165 lb || 1 reps","44"
"Barbell Deadlift",2015-12-11,27,165,1,"165 lb || 1 reps","44"
"Barbell Deadlift",2015-12-15,3,45,5,"45 lb || 5 reps","36"
"Barbell Deadlift",2015-12-15,4,135,5,"135 lb || 5 reps","66"
"Barbell Deadlift",2015-12-15,5,225,5,"225 lb || 5 reps","121"
"Barbell Deadlift",2015-12-15,6,265,3,"265 lb || 3 reps","127"
"Barbell Deadlift",2015-12-15,7,315,3,"315 lb || 3 reps","178"
"Barbell Deadlift",2015-12-15,8,340,3,"340 lb || 3 reps","210"
"Barbell Deadlift",2015-12-15,9,390,3,"390 lb || 3 reps","295"
"Barbell Deadlift",2015-12-15,10,440,4,"440 lb || 4 reps","470"
"Barbell Deadlift",2015-12-15,11,460,1,"460 lb || 1 reps","323"
"Barbell Deadlift",2015-12-15,12,340,5,"340 lb || 5 reps","262"
"Barbell Deadlift",2015-12-15,13,340,5,"340 lb || 5 reps","262"
"Barbell Deadlift",2015-12-15,14,340,5,"340 lb || 5 reps","262"
"Barbell Deadlift",2015-12-15,15,340,5,"340 lb || 5 reps","262"
"Barbell Deadlift",2015-12-15,16,340,5,"340 lb || 5 reps","262"
"Barbell Deadlift",2015-12-15,17,135,1,"135 lb || 1 reps","36"
"Barbell Deadlift",2015-12-15,18,165,1,"165 lb || 1 reps","44"
"Barbell Deadlift",2015-12-15,19,165,1,"165 lb || 1 reps","44"
"Barbell Deadlift",2015-12-15,20,165,1,"165 lb || 1 reps","44"
"Barbell Deadlift",2015-12-15,21,165,1,"165 lb || 1 reps","44"
"Barbell Deadlift",2015-12-18,33,95,1,"95 lb || 1 reps","27"
"Barbell Deadlift",2015-12-18,34,165,1,"165 lb || 1 reps","44"
"Barbell Deadlift",2015-12-18,35,165,1,"165 lb || 1 reps","44"
"Barbell Deadlift",2015-12-18,36,165,1,"165 lb || 1 reps","44"
"Barbell Deadlift",2015-12-18,37,165,1,"165 lb || 1 reps","44"
"Barbell Deadlift",2015-12-28,1,135,5,"135 lb || 5 reps","66"
"Barbell Deadlift",2015-12-28,2,225,5,"225 lb || 5 reps","121"
"Barbell Deadlift",2015-12-28,3,265,5,"265 lb || 5 reps","158"
"Barbell Deadlift",2015-12-28,4,315,3,"315 lb || 3 reps","178"
"Barbell Deadlift",2015-12-28,5,365,5,"365 lb || 5 reps","310"
"Barbell Deadlift",2015-12-28,6,415,3,"415 lb || 3 reps","349"
"Barbell Deadlift",2015-12-28,7,460,2,"460 lb || 2 reps","399"
"Barbell Deadlift",2015-12-28,8,365,3,"365 lb || 3 reps","249"
"Barbell Deadlift",2015-12-28,9,365,3,"365 lb || 3 reps","249"
"Barbell Deadlift",2015-12-28,10,365,3,"365 lb || 3 reps","249"
"Barbell Deadlift",2015-12-28,11,365,3,"365 lb || 3 reps","249"
"Barbell Deadlift",2015-12-28,12,365,3,"365 lb || 3 reps","249"
"Barbell Deadlift",2015-12-28,13,155,1,"155 lb || 1 reps","41"
"Barbell Deadlift",2015-12-28,14,155,1,"155 lb || 1 reps","41"
"Barbell Deadlift",2015-12-28,15,155,1,"155 lb || 1 reps","41"
"Barbell Deadlift",2015-12-28,16,155,1,"155 lb || 1 reps","41"
"Barbell Deadlift",2016-01-05,1,45,5,"45 lb || 5 reps","36"
"Barbell Deadlift",2016-01-05,2,135,5,"135 lb || 5 reps","66"
"Barbell Deadlift",2016-01-05,3,225,5,"225 lb || 5 reps","121"
"Barbell Deadlift",2016-01-05,4,275,5,"275 lb || 5 reps","169"
"Barbell Deadlift",2016-01-05,5,315,3,"315 lb || 3 reps","178"
"Barbell Deadlift",2016-01-05,6,325,5,"325 lb || 5 reps","237"
"Barbell Deadlift",2016-01-05,7,375,5,"375 lb || 5 reps","332"
"Barbell Deadlift",2016-01-05,8,420,6,"420 lb || 6 reps","478"
"Barbell Deadlift",2016-01-05,9,465,1,"465 lb || 1 reps","334"
"Barbell Deadlift",2016-01-05,10,325,5,"325 lb || 5 reps","237"
"Barbell Deadlift",2016-01-05,11,325,5,"325 lb || 5 reps","237"
"Barbell Deadlift",2016-01-05,12,325,5,"325 lb || 5 reps","237"
"Barbell Deadlift",2016-01-05,13,325,5,"325 lb || 5 reps","237"
"Barbell Deadlift",2016-01-05,14,325,5,"325 lb || 5 reps","237"
"Barbell Deadlift",2016-01-08,31,135,1,"135 lb || 1 reps","36"
"Barbell Deadlift",2016-01-08,32,175,1,"175 lb || 1 reps","47"
"Barbell Deadlift",2016-01-08,33,175,1,"175 lb || 1 reps","47"
"Barbell Deadlift",2016-01-08,34,175,1,"175 lb || 1 reps","47"
"Barbell Deadlift",2016-01-08,35,175,1,"175 lb || 1 reps","47"
"Barbell Deadlift",2016-01-08,36,175,1,"175 lb || 1 reps","47"
"Barbell Deadlift",2016-01-12,1,45,5,"45 lb || 5 reps","36"
"Barbell Deadlift",2016-01-12,2,135,5,"135 lb || 5 reps","66"
"Barbell Deadlift",2016-01-12,3,225,5,"225 lb || 5 reps","121"
"Barbell Deadlift",2016-01-12,4,265,5,"265 lb || 5 reps","158"
"Barbell Deadlift",2016-01-12,5,315,3,"315 lb || 3 reps","178"
"Barbell Deadlift",2016-01-12,6,350,3,"350 lb || 3 reps","225"
"Barbell Deadlift",2016-01-12,7,395,3,"395 lb || 3 reps","305"
"Barbell Deadlift",2016-01-12,8,445,4,"445 lb || 4 reps","486"
"Barbell Deadlift",2016-01-12,9,470,1,"470 lb || 1 reps","345"
"Barbell Deadlift",2016-01-12,10,350,5,"350 lb || 5 reps","281"
"Barbell Deadlift",2016-01-12,11,350,5,"350 lb || 5 reps","281"
"Barbell Deadlift",2016-01-12,12,350,5,"350 lb || 5 reps","281"
"Barbell Deadlift",2016-01-12,13,350,5,"350 lb || 5 reps","281"
"Barbell Deadlift",2016-01-12,14,350,5,"350 lb || 5 reps","281"
"Barbell Deadlift",2016-01-15,34,135,1,"135 lb || 1 reps","36"
"Barbell Deadlift",2016-01-15,35,175,1,"175 lb || 1 reps","47"
"Barbell Deadlift",2016-01-15,36,175,1,"175 lb || 1 reps","47"
"Barbell Deadlift",2016-01-15,37,175,1,"175 lb || 1 reps","47"
"Barbell Deadlift",2016-01-15,38,175,1,"175 lb || 1 reps","47"
"Barbell Deadlift",2016-01-18,1,45,5,"45 lb || 5 reps","36"
"Barbell Deadlift",2016-01-18,2,45,5,"45 lb || 5 reps","36"
"Barbell Deadlift",2016-01-18,3,135,5,"135 lb || 5 reps","66"
"Barbell Deadlift",2016-01-18,4,225,5,"225 lb || 5 reps","121"
"Barbell Deadlift",2016-01-18,5,275,4,"275 lb || 4 reps","154"
"Barbell Deadlift",2016-01-18,6,315,4,"315 lb || 4 reps","202"
"Barbell Deadlift",2016-01-18,7,365,3,"365 lb || 3 reps","249"
"Barbell Deadlift",2016-01-18,8,375,5,"375 lb || 5 reps","332"
"Barbell Deadlift",2016-01-18,9,420,3,"420 lb || 3 reps","361"
"Barbell Deadlift",2016-01-18,10,470,2,"470 lb || 2 reps","427"
"Barbell Deadlift",2016-01-18,11,400,5,"400 lb || 5 reps","393"
"Barbell Deadlift",2016-01-18,12,400,5,"400 lb || 5 reps","393"
"Barbell Deadlift",2016-01-18,13,400,5,"400 lb || 5 reps","393"
"Barbell Deadlift",2016-01-18,14,400,5,"400 lb || 5 reps","393"
"Barbell Deadlift",2016-01-18,15,400,5,"400 lb || 5 reps","393"
"Barbell Deadlift",2016-01-24,1,45,5,"45 lb || 5 reps","36"
"Barbell Deadlift",2016-01-24,2,135,5,"135 lb || 5 reps","66"
"Barbell Deadlift",2016-01-24,3,225,5,"225 lb || 5 reps","121"
"Barbell Deadlift",2016-01-24,4,255,5,"255 lb || 5 reps","148"
"Barbell Deadlift",2016-01-24,5,255,5,"255 lb || 5 reps","148"
"Barbell Deadlift",2016-01-24,6,255,5,"255 lb || 5 reps","148"
"Barbell Deadlift",2016-01-24,7,255,5,"255 lb || 5 reps","148"
"Barbell Deadlift",2016-01-29,24,135,5,"135 lb || 5 reps","66"
"Barbell Deadlift",2016-01-29,25,225,5,"225 lb || 5 reps","121"
"Barbell Deadlift",2016-01-29,26,225,5,"225 lb || 5 reps","121"
"Barbell Deadlift",2016-01-29,27,225,5,"225 lb || 5 reps","121"
"Barbell Deadlift",2016-01-29,28,225,5,"225 lb || 5 reps","121"
"Barbell Deadlift",2016-01-29,29,225,5,"225 lb || 5 reps","121"
"Barbell Deadlift",2016-02-02,3,135,5,"135 lb || 5 reps","66"
"Barbell Deadlift",2016-02-02,4,225,5,"225 lb || 5 reps","121"
"Barbell Deadlift",2016-02-02,5,275,5,"275 lb || 5 reps","169"
"Barbell Deadlift",2016-02-02,6,315,3,"315 lb || 3 reps","178"
"Barbell Deadlift",2016-02-02,7,330,5,"330 lb || 5 reps","245"
"Barbell Deadlift",2016-02-02,8,380,5,"380 lb || 5 reps","343"
"Barbell Deadlift",2016-02-02,9,430,7,"430 lb || 7 reps","532"
"Barbell Deadlift",2016-02-02,10,455,1,"455 lb || 1 reps","312"
"Barbell Deadlift",2016-02-02,11,495,1,"495 lb || 1 reps","408"
"Barbell Deadlift",2016-02-02,12,330,3,"330 lb || 3 reps","197"
"Barbell Deadlift",2016-02-02,13,330,3,"330 lb || 3 reps","197"
"Barbell Deadlift",2016-02-02,14,330,3,"330 lb || 3 reps","197"
"Barbell Deadlift",2016-02-02,15,330,3,"330 lb || 3 reps","197"
"Barbell Deadlift",2016-02-02,16,330,3,"330 lb || 3 reps","197"
"Barbell Deadlift",2016-02-09,3,45,5,"45 lb || 5 reps","36"
"Barbell Deadlift",2016-02-09,4,135,5,"135 lb || 5 reps","66"
"Barbell Deadlift",2016-02-09,5,225,5,"225 lb || 5 reps","121"
"Barbell Deadlift",2016-02-09,6,275,5,"275 lb || 5 reps","169"
"Barbell Deadlift",2016-02-09,7,315,3,"315 lb || 3 reps","178"
"Barbell Deadlift",2016-02-09,8,355,3,"355 lb || 3 reps","233"
"Barbell Deadlift",2016-02-09,9,405,3,"405 lb || 3 reps","326"
"Barbell Deadlift",2016-02-09,10,455,4,"455 lb || 4 reps","520"
"Barbell Deadlift",2016-02-09,11,480,2,"480 lb || 2 reps","456"
"Barbell Deadlift",2016-02-09,12,355,3,"355 lb || 3 reps","233"
"Barbell Deadlift",2016-02-09,13,355,4,"355 lb || 4 reps","265"
"Barbell Deadlift",2016-02-09,14,355,4,"355 lb || 4 reps","265"
"Barbell Deadlift",2016-02-09,15,355,4,"355 lb || 4 reps","265"
"Barbell Deadlift",2016-02-09,16,355,4,"355 lb || 4 reps","265"
"Barbell Deadlift",2016-02-15,1,45,5,"45 lb || 5 reps","36"
"Barbell Deadlift",2016-02-15,1,45,5,"45 lb || 5 reps","36"
"Barbell Deadlift",2016-02-15,2,135,5,"135 lb || 5 reps","66"
"Barbell Deadlift",2016-02-15,2,135,5,"135 lb || 5 reps","66"
"Barbell Deadlift",2016-02-15,3,225,5,"225 lb || 5 reps","121"
"Barbell Deadlift",2016-02-15,3,225,5,"225 lb || 5 reps","121"
"Barbell Deadlift",2016-02-15,4,275,5,"275 lb || 5 reps","169"
"Barbell Deadlift",2016-02-15,4,275,5,"275 lb || 5 reps","169"
"Barbell Deadlift",2016-02-15,5,315,3,"315 lb || 3 reps","178"
"Barbell Deadlift",2016-02-15,5,315,3,"315 lb || 3 reps","178"
"Barbell Deadlift",2016-02-15,6,355,3,"355 lb || 3 reps","233"
"Barbell Deadlift",2016-02-15,6,355,3,"355 lb || 3 reps","233"
"Barbell Deadlift",2016-02-15,7,380,5,"380 lb || 5 reps","343"
"Barbell Deadlift",2016-02-15,7,380,5,"380 lb || 5 reps","343"
"Barbell Deadlift",2016-02-15,8,430,3,"430 lb || 3 reps","386"
"Barbell Deadlift",2016-02-15,8,430,3,"430 lb || 3 reps","386"
"Barbell Deadlift",2016-02-15,9,480,1,"480 lb || 1 reps","369"
"Barbell Deadlift",2016-02-15,9,480,1,"480 lb || 1 reps","369"
"Barbell Deadlift",2016-02-15,10,380,3,"380 lb || 3 reps","276"
"Barbell Deadlift",2016-02-15,10,380,3,"380 lb || 3 reps","276"
"Barbell Deadlift",2016-02-15,11,380,3,"380 lb || 3 reps","276"
"Barbell Deadlift",2016-02-15,11,380,3,"380 lb || 3 reps","276"
"Barbell Deadlift",2016-02-15,12,380,3,"380 lb || 3 reps","276"
"Barbell Deadlift",2016-02-15,12,380,3,"380 lb || 3 reps","276"
"Barbell Deadlift",2016-02-15,13,380,3,"380 lb || 3 reps","276"
"Barbell Deadlift",2016-02-15,13,380,3,"380 lb || 3 reps","276"
"Barbell Deadlift",2016-02-15,14,380,3,"380 lb || 3 reps","276"
"Barbell Deadlift",2016-02-15,14,380,3,"380 lb || 3 reps","276"
"Barbell Deadlift",2016-02-19,37,135,1,"135 lb || 1 reps","36"
"Barbell Deadlift",2016-02-19,38,155,1,"155 lb || 1 reps","41"
"Barbell Deadlift",2016-02-19,39,155,1,"155 lb || 1 reps","41"
"Barbell Deadlift",2016-02-19,40,155,1,"155 lb || 1 reps","41"
"Barbell Deadlift",2016-02-19,41,155,1,"155 lb || 1 reps","41"
"Barbell Deadlift",2016-02-23,3,45,5,"45 lb || 5 reps","36"
"Barbell Deadlift",2016-02-23,4,135,5,"135 lb || 5 reps","66"
"Barbell Deadlift",2016-02-23,5,225,5,"225 lb || 5 reps","121"
"Barbell Deadlift",2016-02-23,6,275,5,"275 lb || 5 reps","169"
"Barbell Deadlift",2016-02-23,7,315,3,"315 lb || 3 reps","178"
"Barbell Deadlift",2016-02-23,8,335,5,"335 lb || 5 reps","254"
"Barbell Deadlift",2016-02-23,9,390,5,"390 lb || 5 reps","367"
"Barbell Deadlift",2016-02-23,10,437.5,6,"437.5 lb || 6 reps","537"
"Barbell Deadlift",2016-02-23,11,460,2,"460 lb || 2 reps","399"
"Barbell Deadlift",2016-02-23,12,335,5,"335 lb || 5 reps","254"
"Barbell Deadlift",2016-02-23,13,335,5,"335 lb || 5 reps","254"
"Barbell Deadlift",2016-02-23,14,335,5,"335 lb || 5 reps","254"
"Barbell Deadlift",2016-02-23,15,335,5,"335 lb || 5 reps","254"
"Barbell Deadlift",2016-02-23,16,335,5,"335 lb || 5 reps","254"
"Barbell Deadlift",2016-02-26,36,135,1,"135 lb || 1 reps","36"
"Barbell Deadlift",2016-02-26,37,175,1,"175 lb || 1 reps","47"
"Barbell Deadlift",2016-02-26,38,175,1,"175 lb || 1 reps","47"
"Barbell Deadlift",2016-02-26,39,175,1,"175 lb || 1 reps","47"
"Barbell Deadlift",2016-02-26,40,175,1,"175 lb || 1 reps","47"
"Barbell Deadlift",2016-03-01,3,45,5,"45 lb || 5 reps","36"
"Barbell Deadlift",2016-03-01,4,135,5,"135 lb || 5 reps","66"
"Barbell Deadlift",2016-03-01,5,225,5,"225 lb || 5 reps","121"
"Barbell Deadlift",2016-03-01,6,275,5,"275 lb || 5 reps","169"
"Barbell Deadlift",2016-03-01,7,315,4,"315 lb || 4 reps","202"
"Barbell Deadlift",2016-03-01,8,360,3,"360 lb || 3 reps","241"
"Barbell Deadlift",2016-03-01,9,415,3,"415 lb || 3 reps","349"
"Barbell Deadlift",2016-03-01,10,465,4,"465 lb || 4 reps","556"
"Barbell Deadlift",2016-03-01,11,485,1,"485 lb || 1 reps","382"
"Barbell Deadlift",2016-03-01,12,505,1,"505 lb || 1 reps","437"
"Barbell Deadlift",2016-03-01,13,360,5,"360 lb || 5 reps","300"
"Barbell Deadlift",2016-03-01,14,360,5,"360 lb || 5 reps","300"
"Barbell Deadlift",2016-03-01,15,360,5,"360 lb || 5 reps","300"
"Barbell Deadlift",2016-03-01,16,360,5,"360 lb || 5 reps","300"
"Barbell Deadlift",2016-03-01,17,360,5,"360 lb || 5 reps","300"
"Barbell Deadlift",2016-03-08,1,45,5,"45 lb || 5 reps","36"
"Barbell Deadlift",2016-03-08,2,135,5,"135 lb || 5 reps","66"
"Barbell Deadlift",2016-03-08,3,225,5,"225 lb || 5 reps","121"
"Barbell Deadlift",2016-03-08,4,275,5,"275 lb || 5 reps","169"
"Barbell Deadlift",2016-03-08,5,315,3,"315 lb || 3 reps","178"
"Barbell Deadlift",2016-03-08,6,365,3,"365 lb || 3 reps","249"
"Barbell Deadlift",2016-03-08,7,390,5,"390 lb || 5 reps","367"
"Barbell Deadlift",2016-03-08,8,440,3,"440 lb || 3 reps","413"
"Barbell Deadlift",2016-03-08,9,490,2,"490 lb || 2 reps","488"
"Barbell Deadlift",2016-03-08,10,415,5,"415 lb || 5 reps","435"
"Barbell Deadlift",2016-03-08,11,415,5,"415 lb || 5 reps","435"
"Barbell Deadlift",2016-03-08,12,415,5,"415 lb || 5 reps","435"
"Barbell Deadlift",2016-03-08,13,415,5,"415 lb || 5 reps","435"
"Barbell Deadlift",2016-03-08,14,415,5,"415 lb || 5 reps","435"
"Barbell Deadlift",2016-03-12,33,185,1,"185 lb || 1 reps","50"
"Barbell Deadlift",2016-03-12,34,225,1,"225 lb || 1 reps","66"
"Barbell Deadlift",2016-03-12,35,225,1,"225 lb || 1 reps","66"
"Barbell Deadlift",2016-03-12,36,225,1,"225 lb || 1 reps","66"
"Barbell Deadlift",2016-03-12,37,225,1,"225 lb || 1 reps","66"
"Barbell Deadlift",2016-03-12,38,225,1,"225 lb || 1 reps","66"
"Barbell Deadlift",2016-03-15,3,135,5,"135 lb || 5 reps","66"
"Barbell Deadlift",2016-03-15,4,225,5,"225 lb || 5 reps","121"
"Barbell Deadlift",2016-03-15,5,225,5,"225 lb || 5 reps","121"
"Barbell Deadlift",2016-03-15,6,225,5,"225 lb || 5 reps","121"
"Barbell Deadlift",2016-03-15,7,225,5,"225 lb || 5 reps","121"
"Barbell Deadlift",2016-03-15,8,225,5,"225 lb || 5 reps","121"
"Barbell Deadlift",2016-03-21,8,450,6,"225 lb || 5 reps","121"
"Barbell Deadlift",2016-03-21,8,475,6,"225 lb || 5 reps","121"
