"Barbell Squat",2014-08-14,5,45,5,"45 lb || 5 reps","36"
"Barbell Squat",2014-08-14,6,95,5,"95 lb || 5 reps","50"
"Barbell Squat",2014-08-14,7,135,3,"135 lb || 3 reps","53"
"Barbell Squat",2014-08-14,8,195,3,"195 lb || 3 reps","79"
"Barbell Squat",2014-08-14,9,195,3,"195 lb || 3 reps","79"
"Barbell Squat",2014-08-14,10,195,3,"195 lb || 3 reps","79"
"Barbell Squat",2014-08-14,11,195,3,"195 lb || 3 reps","79"
"Barbell Squat",2014-08-14,12,195,3,"195 lb || 3 reps","79"
"Barbell Squat",2014-08-14,13,195,3,"195 lb || 3 reps","79"
"Barbell Squat",2014-08-14,14,195,3,"195 lb || 3 reps","79"
"Barbell Squat",2014-08-14,15,195,3,"195 lb || 3 reps","79"
"Barbell Squat",2014-08-14,18,135,8,"135 lb || 8 reps","75"
"Barbell Squat",2014-08-14,19,135,8,"135 lb || 8 reps","75"
"Barbell Squat",2014-08-22,1,45,5,"45 lb || 5 reps","36"
"Barbell Squat",2014-08-22,2,135,5,"135 lb || 5 reps","66"
"Barbell Squat",2014-08-22,3,185,3,"185 lb || 3 reps","74"
"Barbell Squat",2014-08-22,4,205,10,"205 lb || 10 reps","124"
"Barbell Squat",2014-08-22,5,205,10,"205 lb || 10 reps","124"
"Barbell Squat",2014-08-22,6,205,10,"205 lb || 10 reps","124"
"Barbell Squat",2014-08-22,9,195,10,"195 lb || 10 reps","116"
"Barbell Squat",2014-08-22,10,195,10,"195 lb || 10 reps","116"
"Barbell Squat",2014-08-22,11,195,10,"195 lb || 10 reps","116"
"Barbell Squat",2014-08-29,1,95,5,"95 lb || 5 reps","50"
"Barbell Squat",2014-08-29,2,135,5,"135 lb || 5 reps","66"
"Barbell Squat",2014-08-29,3,185,3,"185 lb || 3 reps","74"
"Barbell Squat",2014-08-29,4,230,2,"230 lb || 2 reps","84"
"Barbell Squat",2014-08-29,5,230,2,"230 lb || 2 reps","84"
"Barbell Squat",2014-08-29,6,230,2,"230 lb || 2 reps","84"
"Barbell Squat",2014-08-29,7,230,2,"230 lb || 2 reps","84"
"Barbell Squat",2014-08-29,8,230,2,"230 lb || 2 reps","84"
"Barbell Squat",2014-08-29,11,215,5,"215 lb || 5 reps","113"
"Barbell Squat",2014-08-29,12,215,5,"215 lb || 5 reps","113"
"Barbell Squat",2014-09-05,1,95,5,"95 lb || 5 reps","50"
"Barbell Squat",2014-09-05,2,135,5,"135 lb || 5 reps","66"
"Barbell Squat",2014-09-05,3,185,3,"185 lb || 3 reps","74"
"Barbell Squat",2014-09-05,4,205,2,"205 lb || 2 reps","71"
"Barbell Squat",2014-09-05,5,205,2,"205 lb || 2 reps","71"
"Barbell Squat",2014-09-05,6,205,2,"205 lb || 2 reps","71"
"Barbell Squat",2014-09-05,7,205,2,"205 lb || 2 reps","71"
"Barbell Squat",2014-09-05,8,205,2,"205 lb || 2 reps","71"
"Barbell Squat",2014-09-05,9,205,2,"205 lb || 2 reps","71"
"Barbell Squat",2014-09-05,12,195,6,"195 lb || 6 reps","105"
"Barbell Squat",2014-09-05,13,195,6,"195 lb || 6 reps","105"
"Barbell Squat",2014-09-05,14,195,6,"195 lb || 6 reps","105"
"Barbell Squat",2014-09-11,5,45,5,"45 lb || 5 reps","36"
"Barbell Squat",2014-09-11,6,95,5,"95 lb || 5 reps","50"
"Barbell Squat",2014-09-11,7,135,3,"135 lb || 3 reps","53"
"Barbell Squat",2014-09-11,8,185,3,"185 lb || 3 reps","74"
"Barbell Squat",2014-09-11,9,225,1,"225 lb || 1 reps","66"
"Barbell Squat",2014-09-11,10,230,8,"230 lb || 8 reps","142"
"Barbell Squat",2014-09-11,11,230,8,"230 lb || 8 reps","142"
"Barbell Squat",2014-09-11,12,230,5,"230 lb || 5 reps","125"
"Barbell Squat",2014-09-11,15,215,6,"215 lb || 6 reps","120"
"Barbell Squat",2014-09-11,16,215,6,"215 lb || 6 reps","120"
"Barbell Squat",2014-09-19,6,95,5,"95 lb || 5 reps","50"
"Barbell Squat",2014-09-19,7,135,5,"135 lb || 5 reps","66"
"Barbell Squat",2014-09-19,8,185,3,"185 lb || 3 reps","74"
"Barbell Squat",2014-09-19,9,225,2,"225 lb || 2 reps","82"
"Barbell Squat",2014-09-19,10,245,2,"245 lb || 2 reps","93"
"Barbell Squat",2014-09-19,11,245,2,"245 lb || 2 reps","93"
"Barbell Squat",2014-09-19,12,245,2,"245 lb || 2 reps","93"
"Barbell Squat",2014-09-19,15,230,5,"230 lb || 5 reps","125"
"Barbell Squat",2014-09-19,16,230,5,"230 lb || 5 reps","125"
"Barbell Squat",2014-09-26,12,200,5,"200 lb || 5 reps","102"
"Barbell Squat",2014-09-26,13,200,5,"200 lb || 5 reps","102"
"Barbell Squat",2014-10-03,6,95,5,"95 lb || 5 reps","50"
"Barbell Squat",2014-10-03,7,135,5,"135 lb || 5 reps","66"
"Barbell Squat",2014-10-03,8,185,3,"185 lb || 3 reps","74"
"Barbell Squat",2014-10-03,9,225,1,"225 lb || 1 reps","66"
"Barbell Squat",2014-10-03,10,245,5,"245 lb || 5 reps","138"
"Barbell Squat",2014-10-03,11,245,5,"245 lb || 5 reps","138"
"Barbell Squat",2014-10-03,12,245,5,"245 lb || 5 reps","138"
"Barbell Squat",2014-10-03,15,230,5,"230 lb || 5 reps","125"
"Barbell Squat",2014-10-03,16,230,5,"230 lb || 5 reps","125"
"Barbell Squat",2014-10-12,1,45,5,"45 lb || 5 reps","36"
"Barbell Squat",2014-10-12,2,135,5,"135 lb || 5 reps","66"
"Barbell Squat",2014-10-12,3,185,3,"185 lb || 3 reps","74"
"Barbell Squat",2014-10-12,4,225,3,"225 lb || 3 reps","97"
"Barbell Squat",2014-10-12,5,265,2,"265 lb || 2 reps","107"
"Barbell Squat",2014-10-12,6,275,1,"275 lb || 1 reps","93"
"Barbell Squat",2014-10-12,7,285,1,"285 lb || 1 reps","99"
"Barbell Squat",2014-10-12,8,235,10,"235 lb || 10 reps","152"
"Barbell Squat",2014-10-17,6,45,5,"45 lb || 5 reps","36"
"Barbell Squat",2014-10-17,7,135,3,"135 lb || 3 reps","53"
"Barbell Squat",2014-10-17,8,185,3,"185 lb || 3 reps","74"
"Barbell Squat",2014-10-17,9,225,2,"225 lb || 2 reps","82"
"Barbell Squat",2014-10-17,10,275,1,"275 lb || 1 reps","93"
"Barbell Squat",2014-10-17,11,315,1,"315 lb || 1 reps","121"
"Barbell Squat",2014-10-17,12,365,1,"365 lb || 1 reps","170"
"Barbell Squat",2014-10-17,13,385,1,"385 lb || 1 reps","195"
"Barbell Squat",2014-10-24,1,45,5,"45 lb || 5 reps","36"
"Barbell Squat",2014-10-24,2,135,5,"135 lb || 5 reps","66"
"Barbell Squat",2014-10-24,3,185,5,"185 lb || 5 reps","92"
"Barbell Squat",2014-10-24,4,185,5,"185 lb || 5 reps","92"
"Barbell Squat",2014-10-24,5,185,5,"185 lb || 5 reps","92"
"Barbell Squat",2014-10-24,6,185,5,"185 lb || 5 reps","92"
"Barbell Squat",2014-10-31,4,45,5,"45 lb || 5 reps","36"
"Barbell Squat",2014-10-31,5,95,5,"95 lb || 5 reps","50"
"Barbell Squat",2014-10-31,6,135,5,"135 lb || 5 reps","66"
"Barbell Squat",2014-10-31,7,185,2,"185 lb || 2 reps","62"
"Barbell Squat",2014-10-31,8,225,2,"225 lb || 2 reps","82"
"Barbell Squat",2014-10-31,9,235,5,"235 lb || 5 reps","129"
"Barbell Squat",2014-10-31,10,265,5,"265 lb || 5 reps","158"
"Barbell Squat",2014-10-31,11,295,8,"295 lb || 8 reps","220"
"Barbell Squat",2014-11-07,1,50,5,"50 lb || 5 reps","37"
"Barbell Squat",2014-11-07,2,135,5,"135 lb || 5 reps","66"
"Barbell Squat",2014-11-07,3,185,3,"185 lb || 3 reps","74"
"Barbell Squat",2014-11-07,4,225,1,"225 lb || 1 reps","66"
"Barbell Squat",2014-11-07,5,245,3,"245 lb || 3 reps","111"
"Barbell Squat",2014-11-07,6,285,3,"285 lb || 3 reps","145"
"Barbell Squat",2014-11-07,7,315,6,"315 lb || 6 reps","235"
"Barbell Squat",2014-11-14,1,45,5,"45 lb || 5 reps","36"
"Barbell Squat",2014-11-14,2,95,5,"95 lb || 5 reps","50"
"Barbell Squat",2014-11-14,3,135,3,"135 lb || 3 reps","53"
"Barbell Squat",2014-11-14,4,185,3,"185 lb || 3 reps","74"
"Barbell Squat",2014-11-14,5,225,3,"225 lb || 3 reps","97"
"Barbell Squat",2014-11-14,6,265,5,"265 lb || 5 reps","158"
"Barbell Squat",2014-11-14,7,295,3,"295 lb || 3 reps","155"
"Barbell Squat",2014-11-14,8,335,4,"335 lb || 4 reps","232"
"Barbell Squat",2014-12-05,1,95,5,"95 lb || 5 reps","50"
"Barbell Squat",2014-12-05,2,135,5,"135 lb || 5 reps","66"
"Barbell Squat",2014-12-05,3,185,5,"185 lb || 5 reps","92"
"Barbell Squat",2014-12-05,4,225,3,"225 lb || 3 reps","97"
"Barbell Squat",2014-12-05,5,235,5,"235 lb || 5 reps","129"
"Barbell Squat",2014-12-05,6,275,5,"275 lb || 5 reps","169"
"Barbell Squat",2014-12-05,7,305,5,"305 lb || 5 reps","207"
"Barbell Squat",2014-12-28,5,45,5,"45 lb || 5 reps","36"
"Barbell Squat",2014-12-28,6,135,5,"135 lb || 5 reps","66"
"Barbell Squat",2014-12-28,7,155,5,"155 lb || 5 reps","75"
"Barbell Squat",2014-12-28,8,185,3,"185 lb || 3 reps","74"
"Barbell Squat",2014-12-28,9,205,3,"205 lb || 3 reps","85"
"Barbell Squat",2014-12-28,10,225,3,"225 lb || 3 reps","97"
"Barbell Squat",2014-12-28,11,235,5,"235 lb || 5 reps","129"
"Barbell Squat",2014-12-28,12,275,5,"275 lb || 5 reps","169"
"Barbell Squat",2014-12-28,13,305,7,"305 lb || 7 reps","229"
"Barbell Squat",2015-01-09,6,45,5,"45 lb || 5 reps","36"
"Barbell Squat",2015-01-09,7,135,5,"135 lb || 5 reps","66"
"Barbell Squat",2015-01-09,8,185,3,"185 lb || 3 reps","74"
"Barbell Squat",2015-01-09,9,225,3,"225 lb || 3 reps","97"
"Barbell Squat",2015-01-09,10,250,3,"250 lb || 3 reps","115"
"Barbell Squat",2015-01-09,11,285,3,"285 lb || 3 reps","145"
"Barbell Squat",2015-01-09,12,320,4,"320 lb || 4 reps","209"
"Barbell Squat",2015-01-17,1,45,5,"45 lb || 5 reps","36"
"Barbell Squat",2015-01-17,2,135,5,"135 lb || 5 reps","66"
"Barbell Squat",2015-01-17,3,185,5,"185 lb || 5 reps","92"
"Barbell Squat",2015-01-17,4,225,3,"225 lb || 3 reps","97"
"Barbell Squat",2015-01-17,5,245,3,"245 lb || 3 reps","111"
"Barbell Squat",2015-01-17,6,275,5,"275 lb || 5 reps","169"
"Barbell Squat",2015-01-17,7,305,3,"305 lb || 3 reps","166"
"Barbell Squat",2015-01-17,8,340,2,"340 lb || 2 reps","178"
"Barbell Squat",2015-01-23,11,45,5,"45 lb || 5 reps","36"
"Barbell Squat",2015-01-23,12,145,5,"145 lb || 5 reps","70"
"Barbell Squat",2015-01-23,13,185,5,"185 lb || 5 reps","92"
"Barbell Squat",2015-01-23,14,215,5,"215 lb || 5 reps","113"
"Barbell Squat",2015-01-30,6,45,5,"45 lb || 5 reps","36"
"Barbell Squat",2015-01-30,7,135,5,"135 lb || 5 reps","66"
"Barbell Squat",2015-01-30,8,185,5,"185 lb || 5 reps","92"
"Barbell Squat",2015-01-30,9,225,2,"225 lb || 2 reps","82"
"Barbell Squat",2015-01-30,10,245,3,"245 lb || 3 reps","111"
"Barbell Squat",2015-01-30,11,245,3,"245 lb || 3 reps","111"
"Barbell Squat",2015-01-30,12,245,3,"245 lb || 3 reps","111"
"Barbell Squat",2015-01-30,13,245,3,"245 lb || 3 reps","111"
"Barbell Squat",2015-01-30,14,245,3,"245 lb || 3 reps","111"
"Barbell Squat",2015-01-30,15,245,3,"245 lb || 3 reps","111"
"Barbell Squat",2015-01-30,16,245,3,"245 lb || 3 reps","111"
"Barbell Squat",2015-01-30,17,245,3,"245 lb || 3 reps","111"
"Barbell Squat",2015-01-30,18,265,5,"265 lb || 5 reps","158"
"Barbell Squat",2015-01-30,19,265,5,"265 lb || 5 reps","158"
"Barbell Squat",2015-01-30,20,265,2,"265 lb || 2 reps","107"
"Barbell Squat",2015-01-30,21,225,8,"225 lb || 8 reps","137"
"Barbell Squat",2015-01-30,22,225,8,"225 lb || 8 reps","137"
"Barbell Squat",2015-02-06,4,45,5,"45 lb || 5 reps","36"
"Barbell Squat",2015-02-06,5,135,5,"135 lb || 5 reps","66"
"Barbell Squat",2015-02-06,6,185,3,"185 lb || 3 reps","74"
"Barbell Squat",2015-02-06,7,225,3,"225 lb || 3 reps","97"
"Barbell Squat",2015-02-06,8,265,8,"265 lb || 8 reps","180"
"Barbell Squat",2015-02-06,9,265,8,"265 lb || 8 reps","180"
"Barbell Squat",2015-02-06,10,265,8,"265 lb || 8 reps","180"
"Barbell Squat",2015-02-06,11,285,6,"285 lb || 6 reps","192"
"Barbell Squat",2015-02-06,12,285,6,"285 lb || 6 reps","192"
"Barbell Squat",2015-02-06,13,245,10,"245 lb || 10 reps","163"
"Barbell Squat",2015-02-06,14,245,10,"245 lb || 10 reps","163"
"Barbell Squat",2015-02-06,15,245,10,"245 lb || 10 reps","163"
"Barbell Squat",2015-02-14,1,45,5,"45 lb || 5 reps","36"
"Barbell Squat",2015-02-14,2,135,5,"135 lb || 5 reps","66"
"Barbell Squat",2015-02-14,3,185,3,"185 lb || 3 reps","74"
"Barbell Squat",2015-02-14,4,225,3,"225 lb || 3 reps","97"
"Barbell Squat",2015-02-14,5,275,3,"275 lb || 3 reps","136"
"Barbell Squat",2015-02-14,6,305,2,"305 lb || 2 reps","140"
"Barbell Squat",2015-02-14,7,305,2,"305 lb || 2 reps","140"
"Barbell Squat",2015-02-14,8,305,2,"305 lb || 2 reps","140"
"Barbell Squat",2015-02-14,9,305,2,"305 lb || 2 reps","140"
"Barbell Squat",2015-02-14,10,305,2,"305 lb || 2 reps","140"
"Barbell Squat",2015-02-14,11,320,3,"320 lb || 3 reps","184"
"Barbell Squat",2015-02-14,12,320,1,"320 lb || 1 reps","125"
"Barbell Squat",2015-02-14,13,285,4,"285 lb || 4 reps","165"
"Barbell Squat",2015-02-14,14,285,4,"285 lb || 4 reps","165"
"Barbell Squat",2015-02-20,1,45,5,"45 lb || 5 reps","36"
"Barbell Squat",2015-02-20,2,135,5,"135 lb || 5 reps","66"
"Barbell Squat",2015-02-20,3,185,3,"185 lb || 3 reps","74"
"Barbell Squat",2015-02-20,4,225,3,"225 lb || 3 reps","97"
"Barbell Squat",2015-02-20,5,265,2,"265 lb || 2 reps","107"
"Barbell Squat",2015-02-20,6,265,2,"265 lb || 2 reps","107"
"Barbell Squat",2015-02-20,7,265,2,"265 lb || 2 reps","107"
"Barbell Squat",2015-02-20,8,265,2,"265 lb || 2 reps","107"
"Barbell Squat",2015-02-20,9,265,2,"265 lb || 2 reps","107"
"Barbell Squat",2015-02-20,10,265,2,"265 lb || 2 reps","107"
"Barbell Squat",2015-02-20,11,285,5,"285 lb || 5 reps","181"
"Barbell Squat",2015-02-20,12,285,5,"285 lb || 5 reps","181"
"Barbell Squat",2015-02-20,13,245,6,"245 lb || 6 reps","147"
"Barbell Squat",2015-02-20,14,245,6,"245 lb || 6 reps","147"
"Barbell Squat",2015-02-20,15,245,6,"245 lb || 6 reps","147"
"Barbell Squat",2015-02-27,4,45,5,"45 lb || 5 reps","36"
"Barbell Squat",2015-02-27,5,95,5,"95 lb || 5 reps","50"
"Barbell Squat",2015-02-27,6,135,3,"135 lb || 3 reps","53"
"Barbell Squat",2015-02-27,7,185,3,"185 lb || 3 reps","74"
"Barbell Squat",2015-02-27,8,225,3,"225 lb || 3 reps","97"
"Barbell Squat",2015-02-27,9,285,3,"285 lb || 3 reps","145"
"Barbell Squat",2015-02-27,10,295,3,"295 lb || 3 reps","155"
"Barbell Squat",2015-02-27,11,305,5,"305 lb || 5 reps","207"
"Barbell Squat",2015-02-27,12,305,5,"305 lb || 5 reps","207"
"Barbell Squat",2015-02-27,13,305,5,"305 lb || 5 reps","207"
"Barbell Squat",2015-02-27,14,320,3,"320 lb || 3 reps","184"
"Barbell Squat",2015-02-27,15,320,3,"320 lb || 3 reps","184"
"Barbell Squat",2015-02-27,16,285,6,"285 lb || 6 reps","192"
"Barbell Squat",2015-02-27,17,285,6,"285 lb || 6 reps","192"
"Barbell Squat",2015-03-06,6,45,5,"45 lb || 5 reps","36"
"Barbell Squat",2015-03-06,7,135,5,"135 lb || 5 reps","66"
"Barbell Squat",2015-03-06,8,185,3,"185 lb || 3 reps","74"
"Barbell Squat",2015-03-06,9,225,3,"225 lb || 3 reps","97"
"Barbell Squat",2015-03-06,10,285,3,"285 lb || 3 reps","145"
"Barbell Squat",2015-03-06,11,320,2,"320 lb || 2 reps","155"
"Barbell Squat",2015-03-06,12,320,2,"320 lb || 2 reps","155"
"Barbell Squat",2015-03-06,13,320,2,"320 lb || 2 reps","155"
"Barbell Squat",2015-03-06,14,340,2,"340 lb || 2 reps","178"
"Barbell Squat",2015-03-06,15,340,2,"340 lb || 2 reps","178"
"Barbell Squat",2015-03-06,16,305,5,"305 lb || 5 reps","207"
"Barbell Squat",2015-03-06,17,305,5,"305 lb || 5 reps","207"
"Barbell Squat",2015-03-13,1,45,5,"45 lb || 5 reps","36"
"Barbell Squat",2015-03-13,2,135,5,"135 lb || 5 reps","66"
"Barbell Squat",2015-03-13,3,185,3,"185 lb || 3 reps","74"
"Barbell Squat",2015-03-13,4,225,3,"225 lb || 3 reps","97"
"Barbell Squat",2015-03-13,5,275,3,"275 lb || 3 reps","136"
"Barbell Squat",2015-03-13,6,285,2,"285 lb || 2 reps","122"
"Barbell Squat",2015-03-13,7,285,2,"285 lb || 2 reps","122"
"Barbell Squat",2015-03-13,8,285,2,"285 lb || 2 reps","122"
"Barbell Squat",2015-03-13,9,285,2,"285 lb || 2 reps","122"
"Barbell Squat",2015-03-13,10,285,2,"285 lb || 2 reps","122"
"Barbell Squat",2015-03-13,11,305,3,"305 lb || 3 reps","166"
"Barbell Squat",2015-03-13,12,305,3,"305 lb || 3 reps","166"
"Barbell Squat",2015-03-13,13,305,3,"305 lb || 3 reps","166"
"Barbell Squat",2015-03-13,14,265,5,"265 lb || 5 reps","158"
"Barbell Squat",2015-03-13,15,265,5,"265 lb || 5 reps","158"
"Barbell Squat",2015-03-13,16,265,5,"265 lb || 5 reps","158"
"Barbell Squat",2015-03-20,1,95,5,"95 lb || 5 reps","50"
"Barbell Squat",2015-03-20,2,135,5,"135 lb || 5 reps","66"
"Barbell Squat",2015-03-20,3,185,3,"185 lb || 3 reps","74"
"Barbell Squat",2015-03-20,4,225,3,"225 lb || 3 reps","97"
"Barbell Squat",2015-03-20,5,275,3,"275 lb || 3 reps","136"
"Barbell Squat",2015-03-20,6,315,1,"315 lb || 1 reps","121"
"Barbell Squat",2015-03-20,7,320,5,"320 lb || 5 reps","229"
"Barbell Squat",2015-03-20,8,320,5,"320 lb || 5 reps","229"
"Barbell Squat",2015-03-20,9,320,5,"320 lb || 5 reps","229"
"Barbell Squat",2015-03-20,10,340,2,"340 lb || 2 reps","178"
"Barbell Squat",2015-03-20,11,340,2,"340 lb || 2 reps","178"
"Barbell Squat",2015-03-20,12,305,5,"305 lb || 5 reps","207"
"Barbell Squat",2015-03-20,13,305,5,"305 lb || 5 reps","207"
"Barbell Squat",2015-03-27,1,45,5,"45 lb || 5 reps","36"
"Barbell Squat",2015-03-27,2,95,5,"95 lb || 5 reps","50"
"Barbell Squat",2015-03-27,3,135,3,"135 lb || 3 reps","53"
"Barbell Squat",2015-03-27,4,185,3,"185 lb || 3 reps","74"
"Barbell Squat",2015-03-27,5,225,2,"225 lb || 2 reps","82"
"Barbell Squat",2015-03-27,6,275,2,"275 lb || 2 reps","114"
"Barbell Squat",2015-03-27,7,315,2,"315 lb || 2 reps","150"
"Barbell Squat",2015-03-27,8,315,2,"315 lb || 2 reps","150"
"Barbell Squat",2015-03-27,9,340,2,"340 lb || 2 reps","178"
"Barbell Squat",2015-03-27,10,350,1,"350 lb || 1 reps","154"
"Barbell Squat",2015-03-27,11,360,1,"360 lb || 1 reps","164"
"Barbell Squat",2015-03-27,12,305,7,"305 lb || 7 reps","229"
"Barbell Squat",2015-04-03,1,45,5,"45 lb || 5 reps","36"
"Barbell Squat",2015-04-03,2,95,5,"95 lb || 5 reps","50"
"Barbell Squat",2015-04-03,3,135,2,"135 lb || 2 reps","44"
"Barbell Squat",2015-04-03,4,185,2,"185 lb || 2 reps","62"
"Barbell Squat",2015-04-03,5,225,2,"225 lb || 2 reps","82"
"Barbell Squat",2015-04-03,6,275,1,"275 lb || 1 reps","93"
"Barbell Squat",2015-04-03,7,315,1,"315 lb || 1 reps","121"
"Barbell Squat",2015-04-03,8,365,1,"365 lb || 1 reps","170"
"Barbell Squat",2015-04-03,9,395,1,"395 lb || 1 reps","208"
"Barbell Squat",2015-04-03,10,405,1,"405 lb || 1 reps","223"
"Barbell Squat",2015-04-03,11,415,1,"415 lb || 1 reps","238"
"Barbell Squat",2015-04-10,1,45,5,"45 lb || 5 reps","36"
"Barbell Squat",2015-04-10,2,95,5,"95 lb || 5 reps","50"
"Barbell Squat",2015-04-10,3,135,5,"135 lb || 5 reps","66"
"Barbell Squat",2015-04-10,4,185,5,"185 lb || 5 reps","92"
"Barbell Squat",2015-04-10,5,185,5,"185 lb || 5 reps","92"
"Barbell Squat",2015-04-10,6,185,5,"185 lb || 5 reps","92"
"Barbell Squat",2015-04-10,7,185,5,"185 lb || 5 reps","92"
"Barbell Squat",2015-04-10,8,185,5,"185 lb || 5 reps","92"
"Barbell Squat",2015-04-16,1,45,5,"45 lb || 5 reps","36"
"Barbell Squat",2015-04-16,2,95,5,"95 lb || 5 reps","50"
"Barbell Squat",2015-04-16,3,135,5,"135 lb || 5 reps","66"
"Barbell Squat",2015-04-16,4,185,5,"185 lb || 5 reps","92"
"Barbell Squat",2015-04-16,5,225,3,"225 lb || 3 reps","97"
"Barbell Squat",2015-04-16,6,245,3,"245 lb || 3 reps","111"
"Barbell Squat",2015-04-16,7,275,5,"275 lb || 5 reps","169"
"Barbell Squat",2015-04-16,8,315,5,"315 lb || 5 reps","222"
"Barbell Squat",2015-04-16,9,355,6,"355 lb || 6 reps","308"
"Barbell Squat",2015-04-16,10,315,5,"315 lb || 5 reps","222"
"Barbell Squat",2015-04-16,11,275,6,"275 lb || 6 reps","180"
"Barbell Squat",2015-04-22,1,45,5,"45 lb || 5 reps","36"
"Barbell Squat",2015-04-22,2,95,5,"95 lb || 5 reps","50"
"Barbell Squat",2015-04-22,3,135,5,"135 lb || 5 reps","66"
"Barbell Squat",2015-04-22,4,155,5,"155 lb || 5 reps","75"
"Barbell Squat",2015-04-22,5,185,3,"185 lb || 3 reps","74"
"Barbell Squat",2015-04-22,6,190,3,"190 lb || 3 reps","76"
"Barbell Squat",2015-04-22,7,200,3,"200 lb || 3 reps","82"
"Barbell Squat",2015-04-22,8,225,3,"225 lb || 3 reps","97"
"Barbell Squat",2015-04-22,9,275,3,"275 lb || 3 reps","136"
"Barbell Squat",2015-04-22,10,300,3,"300 lb || 3 reps","161"
"Barbell Squat",2015-04-22,11,340,5,"340 lb || 5 reps","262"
"Barbell Squat",2015-04-22,12,300,3,"300 lb || 3 reps","161"
"Barbell Squat",2015-04-22,13,275,10,"275 lb || 10 reps","199"
"Barbell Squat",2015-04-29,1,45,5,"45 lb || 5 reps","36"
"Barbell Squat",2015-04-29,2,95,5,"95 lb || 5 reps","50"
"Barbell Squat",2015-04-29,3,135,5,"135 lb || 5 reps","66"
"Barbell Squat",2015-04-29,4,185,5,"185 lb || 5 reps","92"
"Barbell Squat",2015-04-29,5,225,5,"225 lb || 5 reps","121"
"Barbell Squat",2015-04-29,6,275,3,"275 lb || 3 reps","136"
"Barbell Squat",2015-04-29,7,285,5,"285 lb || 5 reps","181"
"Barbell Squat",2015-04-29,8,320,3,"320 lb || 3 reps","184"
"Barbell Squat",2015-04-29,9,355,4,"355 lb || 4 reps","265"
"Barbell Squat",2015-04-29,10,320,3,"320 lb || 3 reps","184"
"Barbell Squat",2015-04-29,11,285,6,"285 lb || 6 reps","192"
"Barbell Squat",2015-05-07,1,45,5,"45 lb || 5 reps","36"
"Barbell Squat",2015-05-07,2,95,5,"95 lb || 5 reps","50"
"Barbell Squat",2015-05-07,3,135,5,"135 lb || 5 reps","66"
"Barbell Squat",2015-05-07,4,150,5,"150 lb || 5 reps","73"
"Barbell Squat",2015-05-07,5,190,5,"190 lb || 5 reps","95"
"Barbell Squat",2015-05-07,6,225,5,"225 lb || 5 reps","121"
"Barbell Squat",2015-05-16,1,45,5,"45 lb || 5 reps","36"
"Barbell Squat",2015-05-16,2,95,5,"95 lb || 5 reps","50"
"Barbell Squat",2015-05-16,3,135,5,"135 lb || 5 reps","66"
"Barbell Squat",2015-05-16,4,185,5,"185 lb || 5 reps","92"
"Barbell Squat",2015-05-16,5,225,5,"225 lb || 5 reps","121"
"Barbell Squat",2015-05-16,6,245,3,"245 lb || 3 reps","111"
"Barbell Squat",2015-05-16,7,250,5,"250 lb || 5 reps","143"
"Barbell Squat",2015-05-16,8,290,5,"290 lb || 5 reps","187"
"Barbell Squat",2015-05-16,9,330,7,"330 lb || 7 reps","271"
"Barbell Squat",2015-05-16,10,290,5,"290 lb || 5 reps","187"
"Barbell Squat",2015-05-16,11,250,12,"250 lb || 12 reps","173"
"Barbell Squat",2015-05-23,1,55,5,"55 lb || 5 reps","38"
"Barbell Squat",2015-05-23,2,105,5,"105 lb || 5 reps","54"
"Barbell Squat",2015-05-23,3,145,5,"145 lb || 5 reps","70"
"Barbell Squat",2015-05-23,4,195,5,"195 lb || 5 reps","99"
"Barbell Squat",2015-05-23,5,235,3,"235 lb || 3 reps","104"
"Barbell Squat",2015-05-23,6,285,3,"285 lb || 3 reps","145"
"Barbell Squat",2015-05-23,7,320,3,"320 lb || 3 reps","184"
"Barbell Squat",2015-05-23,8,355,5,"355 lb || 5 reps","290"
"Barbell Squat",2015-05-23,9,320,3,"320 lb || 3 reps","184"
"Barbell Squat",2015-05-23,10,285,6,"285 lb || 6 reps","192"
"Barbell Squat",2015-05-29,1,135,5,"135 lb || 5 reps","66"
"Barbell Squat",2015-05-29,2,165,5,"165 lb || 5 reps","80"
"Barbell Squat",2015-05-29,3,185,5,"185 lb || 5 reps","92"
"Barbell Squat",2015-05-29,4,225,5,"225 lb || 5 reps","121"
"Barbell Squat",2015-05-29,5,250,5,"250 lb || 5 reps","143"
"Barbell Squat",2015-05-29,6,285,2,"285 lb || 2 reps","122"
"Barbell Squat",2015-05-29,7,290,5,"290 lb || 5 reps","187"
"Barbell Squat",2015-05-29,8,330,3,"330 lb || 3 reps","197"
"Barbell Squat",2015-05-29,9,365,2,"365 lb || 2 reps","210"
"Barbell Squat",2015-05-29,10,330,3,"330 lb || 3 reps","197"
"Barbell Squat",2015-05-29,11,290,8,"290 lb || 8 reps","213"
"Barbell Squat",2015-06-05,1,45,5,"45 lb || 5 reps","36"
"Barbell Squat",2015-06-05,2,135,5,"135 lb || 5 reps","66"
"Barbell Squat",2015-06-05,3,155,5,"155 lb || 5 reps","75"
"Barbell Squat",2015-06-05,4,195,5,"195 lb || 5 reps","99"
"Barbell Squat",2015-06-05,5,230,5,"230 lb || 5 reps","125"
"Barbell Squat",2015-06-11,1,45,5,"45 lb || 5 reps","36"
"Barbell Squat",2015-06-11,2,95,5,"95 lb || 5 reps","50"
"Barbell Squat",2015-06-11,3,135,5,"135 lb || 5 reps","66"
"Barbell Squat",2015-06-11,4,165,3,"165 lb || 3 reps","64"
"Barbell Squat",2015-06-11,5,185,5,"185 lb || 5 reps","92"
"Barbell Squat",2015-06-11,6,225,3,"225 lb || 3 reps","97"
"Barbell Squat",2015-06-11,7,255,5,"255 lb || 5 reps","148"
"Barbell Squat",2015-06-11,8,295,5,"295 lb || 5 reps","194"
"Barbell Squat",2015-06-11,9,335,6,"335 lb || 6 reps","269"
"Barbell Squat",2015-06-11,10,295,5,"295 lb || 5 reps","194"
"Barbell Squat",2015-06-11,11,255,10,"255 lb || 10 reps","174"
"Barbell Squat",2015-06-19,1,45,5,"45 lb || 5 reps","36"
"Barbell Squat",2015-06-19,2,95,5,"95 lb || 5 reps","50"
"Barbell Squat",2015-06-19,3,135,3,"135 lb || 3 reps","53"
"Barbell Squat",2015-06-19,4,165,3,"165 lb || 3 reps","64"
"Barbell Squat",2015-06-19,5,185,3,"185 lb || 3 reps","74"
"Barbell Squat",2015-06-19,6,225,3,"225 lb || 3 reps","97"
"Barbell Squat",2015-06-19,7,245,3,"245 lb || 3 reps","111"
"Barbell Squat",2015-06-19,8,275,3,"275 lb || 3 reps","136"
"Barbell Squat",2015-06-19,9,315,3,"315 lb || 3 reps","178"
"Barbell Squat",2015-06-19,10,355,4,"355 lb || 4 reps","265"
"Barbell Squat",2015-06-19,11,315,3,"315 lb || 3 reps","178"
"Barbell Squat",2015-06-19,12,275,6,"275 lb || 6 reps","180"
"Barbell Squat",2015-06-26,3,15,5,"15 lb || 5 reps","29"
"Barbell Squat",2015-06-26,4,45,5,"45 lb || 5 reps","36"
"Barbell Squat",2015-06-26,5,95,5,"95 lb || 5 reps","50"
"Barbell Squat",2015-06-26,6,135,5,"135 lb || 5 reps","66"
"Barbell Squat",2015-06-26,7,155,3,"155 lb || 3 reps","60"
"Barbell Squat",2015-06-26,8,185,3,"185 lb || 3 reps","74"
"Barbell Squat",2015-06-26,9,225,3,"225 lb || 3 reps","97"
"Barbell Squat",2015-06-26,10,255,2,"255 lb || 2 reps","100"
"Barbell Squat",2015-06-26,11,285,2,"285 lb || 2 reps","122"
"Barbell Squat",2015-06-26,12,295,5,"295 lb || 5 reps","194"
"Barbell Squat",2015-06-26,13,335,3,"335 lb || 3 reps","203"
"Barbell Squat",2015-06-26,14,375,3,"375 lb || 3 reps","266"
"Barbell Squat",2015-06-26,15,335,3,"335 lb || 3 reps","203"
"Barbell Squat",2015-06-26,16,295,7,"295 lb || 7 reps","214"
"Barbell Squat",2015-07-10,3,45,5,"45 lb || 5 reps","36"
"Barbell Squat",2015-07-10,4,95,5,"95 lb || 5 reps","50"
"Barbell Squat",2015-07-10,5,135,5,"135 lb || 5 reps","66"
"Barbell Squat",2015-07-10,6,165,3,"165 lb || 3 reps","64"
"Barbell Squat",2015-07-10,7,185,3,"185 lb || 3 reps","74"
"Barbell Squat",2015-07-10,8,225,2,"225 lb || 2 reps","82"
"Barbell Squat",2015-07-10,9,265,3,"265 lb || 3 reps","127"
"Barbell Squat",2015-07-10,10,265,3,"265 lb || 3 reps","127"
"Barbell Squat",2015-07-10,11,265,3,"265 lb || 3 reps","127"
"Barbell Squat",2015-07-10,12,265,3,"265 lb || 3 reps","127"
"Barbell Squat",2015-07-10,13,265,3,"265 lb || 3 reps","127"
"Barbell Squat",2015-07-10,14,285,5,"285 lb || 5 reps","181"
"Barbell Squat",2015-07-10,15,285,5,"285 lb || 5 reps","181"
"Barbell Squat",2015-07-10,16,245,8,"245 lb || 8 reps","157"
"Barbell Squat",2015-07-10,17,245,8,"245 lb || 8 reps","157"
"Barbell Squat",2015-07-10,18,245,8,"245 lb || 8 reps","157"
"Barbell Squat",2015-07-17,3,45,5,"45 lb || 5 reps","36"
"Barbell Squat",2015-07-17,4,95,5,"95 lb || 5 reps","50"
"Barbell Squat",2015-07-17,5,135,5,"135 lb || 5 reps","66"
"Barbell Squat",2015-07-17,6,165,5,"165 lb || 5 reps","80"
"Barbell Squat",2015-07-17,7,225,3,"225 lb || 3 reps","97"
"Barbell Squat",2015-07-17,8,255,3,"255 lb || 3 reps","119"
"Barbell Squat",2015-07-17,9,275,3,"275 lb || 3 reps","136"
"Barbell Squat",2015-07-17,10,290,10,"290 lb || 10 reps","221"
"Barbell Squat",2015-07-17,11,290,10,"290 lb || 10 reps","221"
"Barbell Squat",2015-07-17,12,290,10,"290 lb || 10 reps","221"
"Barbell Squat",2015-07-17,13,310,6,"310 lb || 6 reps","228"
"Barbell Squat",2015-07-17,14,310,6,"310 lb || 6 reps","228"
"Barbell Squat",2015-07-17,15,270,10,"270 lb || 10 reps","193"
"Barbell Squat",2015-07-17,16,270,10,"270 lb || 10 reps","193"
"Barbell Squat",2015-07-17,17,270,10,"270 lb || 10 reps","193"
"Barbell Squat",2015-07-25,3,45,5,"45 lb || 5 reps","36"
"Barbell Squat",2015-07-25,4,45,5,"45 lb || 5 reps","36"
"Barbell Squat",2015-07-25,5,45,5,"45 lb || 5 reps","36"
"Barbell Squat",2015-07-25,6,95,5,"95 lb || 5 reps","50"
"Barbell Squat",2015-07-25,7,95,5,"95 lb || 5 reps","50"
"Barbell Squat",2015-07-25,8,135,3,"135 lb || 3 reps","53"
"Barbell Squat",2015-07-25,9,165,3,"165 lb || 3 reps","64"
"Barbell Squat",2015-07-25,10,185,3,"185 lb || 3 reps","74"
"Barbell Squat",2015-07-25,11,225,3,"225 lb || 3 reps","97"
"Barbell Squat",2015-07-25,12,255,3,"255 lb || 3 reps","119"
"Barbell Squat",2015-07-25,13,275,2,"275 lb || 2 reps","114"
"Barbell Squat",2015-07-25,14,315,2,"315 lb || 2 reps","150"
"Barbell Squat",2015-07-25,15,325,2,"325 lb || 2 reps","160"
"Barbell Squat",2015-07-25,16,325,2,"325 lb || 2 reps","160"
"Barbell Squat",2015-07-25,17,325,2,"325 lb || 2 reps","160"
"Barbell Squat",2015-07-25,18,325,2,"325 lb || 2 reps","160"
"Barbell Squat",2015-07-25,19,325,2,"325 lb || 2 reps","160"
"Barbell Squat",2015-07-25,20,345,3,"345 lb || 3 reps","218"
"Barbell Squat",2015-07-25,21,345,3,"345 lb || 3 reps","218"
"Barbell Squat",2015-07-25,22,305,4,"305 lb || 4 reps","189"
"Barbell Squat",2015-07-25,23,305,4,"305 lb || 4 reps","189"
"Barbell Squat",2015-07-31,3,45,5,"45 lb || 5 reps","36"
"Barbell Squat",2015-07-31,4,95,5,"95 lb || 5 reps","50"
"Barbell Squat",2015-07-31,5,135,5,"135 lb || 5 reps","66"
"Barbell Squat",2015-07-31,6,165,3,"165 lb || 3 reps","64"
"Barbell Squat",2015-07-31,7,185,3,"185 lb || 3 reps","74"
"Barbell Squat",2015-07-31,8,225,3,"225 lb || 3 reps","97"
"Barbell Squat",2015-07-31,9,255,2,"255 lb || 2 reps","100"
"Barbell Squat",2015-07-31,10,275,2,"275 lb || 2 reps","114"
"Barbell Squat",2015-07-31,11,285,2,"285 lb || 2 reps","122"
"Barbell Squat",2015-07-31,12,285,2,"285 lb || 2 reps","122"
"Barbell Squat",2015-07-31,13,285,2,"285 lb || 2 reps","122"
"Barbell Squat",2015-07-31,14,285,2,"285 lb || 2 reps","122"
"Barbell Squat",2015-07-31,15,285,2,"285 lb || 2 reps","122"
"Barbell Squat",2015-07-31,16,285,2,"285 lb || 2 reps","122"
"Barbell Squat",2015-07-31,17,305,5,"305 lb || 5 reps","207"
"Barbell Squat",2015-07-31,18,305,5,"305 lb || 5 reps","207"
"Barbell Squat",2015-07-31,19,265,6,"265 lb || 6 reps","168"
"Barbell Squat",2015-07-31,20,265,6,"265 lb || 6 reps","168"
"Barbell Squat",2015-07-31,21,265,6,"265 lb || 6 reps","168"
"Barbell Squat",2015-08-07,3,45,5,"45 lb || 5 reps","36"
"Barbell Squat",2015-08-07,4,95,5,"95 lb || 5 reps","50"
"Barbell Squat",2015-08-07,5,135,3,"135 lb || 3 reps","53"
"Barbell Squat",2015-08-07,6,165,3,"165 lb || 3 reps","64"
"Barbell Squat",2015-08-07,7,185,3,"185 lb || 3 reps","74"
"Barbell Squat",2015-08-07,8,215,3,"215 lb || 3 reps","90"
"Barbell Squat",2015-08-07,9,225,3,"225 lb || 3 reps","97"
"Barbell Squat",2015-08-07,10,245,3,"245 lb || 3 reps","111"
"Barbell Squat",2015-08-07,11,265,2,"265 lb || 2 reps","107"
"Barbell Squat",2015-08-07,12,295,2,"295 lb || 2 reps","131"
"Barbell Squat",2015-08-07,13,315,1,"315 lb || 1 reps","121"
"Barbell Squat",2015-08-07,14,325,7,"325 lb || 7 reps","262"
"Barbell Squat",2015-08-07,15,325,7,"325 lb || 7 reps","262"
"Barbell Squat",2015-08-07,16,325,7,"325 lb || 7 reps","262"
"Barbell Squat",2015-08-07,17,345,2,"345 lb || 2 reps","184"
"Barbell Squat",2015-08-07,18,345,2,"345 lb || 2 reps","184"
"Barbell Squat",2015-08-07,19,305,6,"305 lb || 6 reps","220"
"Barbell Squat",2015-08-07,20,305,6,"305 lb || 6 reps","220"
"Barbell Squat",2015-08-14,3,45,5,"45 lb || 5 reps","36"
"Barbell Squat",2015-08-14,4,95,5,"95 lb || 5 reps","50"
"Barbell Squat",2015-08-14,5,115,5,"115 lb || 5 reps","57"
"Barbell Squat",2015-08-14,6,135,5,"135 lb || 5 reps","66"
"Barbell Squat",2015-08-14,7,155,5,"155 lb || 5 reps","75"
"Barbell Squat",2015-08-14,8,185,3,"185 lb || 3 reps","74"
"Barbell Squat",2015-08-14,9,205,3,"205 lb || 3 reps","85"
"Barbell Squat",2015-08-14,10,225,3,"225 lb || 3 reps","97"
"Barbell Squat",2015-08-14,11,245,3,"245 lb || 3 reps","111"
"Barbell Squat",2015-08-14,12,275,3,"275 lb || 3 reps","136"
"Barbell Squat",2015-08-14,13,295,2,"295 lb || 2 reps","131"
"Barbell Squat",2015-08-14,14,315,2,"315 lb || 2 reps","150"
"Barbell Squat",2015-08-14,15,325,2,"325 lb || 2 reps","160"
"Barbell Squat",2015-08-14,16,345,2,"345 lb || 2 reps","184"
"Barbell Squat",2015-08-14,17,345,2,"345 lb || 2 reps","184"
"Barbell Squat",2015-08-14,18,345,2,"345 lb || 2 reps","184"
"Barbell Squat",2015-08-14,19,365,1,"365 lb || 1 reps","170"
"Barbell Squat",2015-08-14,20,365,1,"365 lb || 1 reps","170"
"Barbell Squat",2015-08-14,21,325,4,"325 lb || 4 reps","216"
"Barbell Squat",2015-08-14,22,325,4,"325 lb || 4 reps","216"
"Barbell Squat",2015-08-21,3,45,5,"45 lb || 5 reps","36"
"Barbell Squat",2015-08-21,4,95,5,"95 lb || 5 reps","50"
"Barbell Squat",2015-08-21,5,115,5,"115 lb || 5 reps","57"
"Barbell Squat",2015-08-21,6,135,3,"135 lb || 3 reps","53"
"Barbell Squat",2015-08-21,7,155,3,"155 lb || 3 reps","60"
"Barbell Squat",2015-08-21,8,185,3,"185 lb || 3 reps","74"
"Barbell Squat",2015-08-21,9,205,3,"205 lb || 3 reps","85"
"Barbell Squat",2015-08-21,10,225,3,"225 lb || 3 reps","97"
"Barbell Squat",2015-08-21,11,265,2,"265 lb || 2 reps","107"
"Barbell Squat",2015-08-21,12,275,2,"275 lb || 2 reps","114"
"Barbell Squat",2015-08-21,13,295,1,"295 lb || 1 reps","106"
"Barbell Squat",2015-08-21,14,305,2,"305 lb || 2 reps","140"
"Barbell Squat",2015-08-21,15,305,2,"305 lb || 2 reps","140"
"Barbell Squat",2015-08-21,16,305,2,"305 lb || 2 reps","140"
"Barbell Squat",2015-08-21,17,305,2,"305 lb || 2 reps","140"
"Barbell Squat",2015-08-21,18,305,2,"305 lb || 2 reps","140"
"Barbell Squat",2015-08-21,19,325,3,"325 lb || 3 reps","190"
"Barbell Squat",2015-08-21,20,325,3,"325 lb || 3 reps","190"
"Barbell Squat",2015-08-21,21,325,3,"325 lb || 3 reps","190"
"Barbell Squat",2015-08-21,22,285,5,"285 lb || 5 reps","181"
"Barbell Squat",2015-08-21,23,285,5,"285 lb || 5 reps","181"
"Barbell Squat",2015-08-21,24,285,5,"285 lb || 5 reps","181"
"Barbell Squat",2015-08-28,3,45,5,"45 lb || 5 reps","36"
"Barbell Squat",2015-08-28,4,45,5,"45 lb || 5 reps","36"
"Barbell Squat",2015-08-28,5,95,5,"95 lb || 5 reps","50"
"Barbell Squat",2015-08-28,6,135,5,"135 lb || 5 reps","66"
"Barbell Squat",2015-08-28,7,155,5,"155 lb || 5 reps","75"
"Barbell Squat",2015-08-28,8,185,5,"185 lb || 5 reps","92"
"Barbell Squat",2015-08-28,9,225,3,"225 lb || 3 reps","97"
"Barbell Squat",2015-08-28,10,255,3,"255 lb || 3 reps","119"
"Barbell Squat",2015-08-28,11,275,3,"275 lb || 3 reps","136"
"Barbell Squat",2015-08-28,12,315,2,"315 lb || 2 reps","150"
"Barbell Squat",2015-08-28,13,345,3,"345 lb || 3 reps","218"
"Barbell Squat",2015-08-28,14,345,4,"345 lb || 4 reps","248"
"Barbell Squat",2015-08-28,15,345,4,"345 lb || 4 reps","248"
"Barbell Squat",2015-08-28,16,365,2,"365 lb || 2 reps","210"
"Barbell Squat",2015-08-28,17,365,2,"365 lb || 2 reps","210"
"Barbell Squat",2015-08-28,18,325,4,"325 lb || 4 reps","216"
"Barbell Squat",2015-08-28,19,325,4,"325 lb || 4 reps","216"
"Barbell Squat",2015-09-04,3,45,5,"45 lb || 5 reps","36"
"Barbell Squat",2015-09-04,4,45,5,"45 lb || 5 reps","36"
"Barbell Squat",2015-09-04,5,95,5,"95 lb || 5 reps","50"
"Barbell Squat",2015-09-04,6,115,3,"115 lb || 3 reps","46"
"Barbell Squat",2015-09-04,7,135,3,"135 lb || 3 reps","53"
"Barbell Squat",2015-09-04,8,155,3,"155 lb || 3 reps","60"
"Barbell Squat",2015-09-04,9,185,3,"185 lb || 3 reps","74"
"Barbell Squat",2015-09-04,10,225,3,"225 lb || 3 reps","97"
"Barbell Squat",2015-09-04,11,245,2,"245 lb || 2 reps","93"
"Barbell Squat",2015-09-04,12,275,2,"275 lb || 2 reps","114"
"Barbell Squat",2015-09-04,13,295,2,"295 lb || 2 reps","131"
"Barbell Squat",2015-09-04,14,315,2,"315 lb || 2 reps","150"
"Barbell Squat",2015-09-04,15,335,2,"335 lb || 2 reps","172"
"Barbell Squat",2015-09-04,16,365,2,"365 lb || 2 reps","210"
"Barbell Squat",2015-09-04,17,375,1,"375 lb || 1 reps","182"
"Barbell Squat",2015-09-04,18,385,1,"385 lb || 1 reps","195"
"Barbell Squat",2015-09-04,19,325,6,"325 lb || 6 reps","252"
"Barbell Squat",2015-09-11,3,45,5,"45 lb || 5 reps","36"
"Barbell Squat",2015-09-11,4,45,5,"45 lb || 5 reps","36"
"Barbell Squat",2015-09-11,5,95,5,"95 lb || 5 reps","50"
"Barbell Squat",2015-09-11,6,135,5,"135 lb || 5 reps","66"
"Barbell Squat",2015-09-11,7,155,5,"155 lb || 5 reps","75"
"Barbell Squat",2015-09-11,8,185,3,"185 lb || 3 reps","74"
"Barbell Squat",2015-09-11,9,225,3,"225 lb || 3 reps","97"
"Barbell Squat",2015-09-11,10,265,3,"265 lb || 3 reps","127"
"Barbell Squat",2015-09-11,11,295,3,"295 lb || 3 reps","155"
"Barbell Squat",2015-09-11,12,315,2,"315 lb || 2 reps","150"
"Barbell Squat",2015-09-11,13,365,2,"365 lb || 2 reps","210"
"Barbell Squat",2015-09-11,14,395,1,"395 lb || 1 reps","208"
"Barbell Squat",2015-09-11,15,400,1,"400 lb || 1 reps","215"
"Barbell Squat",2015-09-18,3,45,5,"45 lb || 5 reps","36"
"Barbell Squat",2015-09-18,4,45,5,"45 lb || 5 reps","36"
"Barbell Squat",2015-09-18,5,95,5,"95 lb || 5 reps","50"
"Barbell Squat",2015-09-18,6,135,5,"135 lb || 5 reps","66"
"Barbell Squat",2015-09-18,7,185,3,"185 lb || 3 reps","74"
"Barbell Squat",2015-09-25,3,45,5,"45 lb || 5 reps","36"
"Barbell Squat",2015-09-25,4,45,5,"45 lb || 5 reps","36"
"Barbell Squat",2015-09-25,5,95,5,"95 lb || 5 reps","50"
"Barbell Squat",2015-09-25,6,135,5,"135 lb || 5 reps","66"
"Barbell Squat",2015-09-25,7,155,5,"155 lb || 5 reps","75"
"Barbell Squat",2015-09-25,8,225,3,"225 lb || 3 reps","97"
"Barbell Squat",2015-09-25,9,250,3,"250 lb || 3 reps","115"
"Barbell Squat",2015-09-25,10,250,3,"250 lb || 3 reps","115"
"Barbell Squat",2015-09-25,11,250,3,"250 lb || 3 reps","115"
"Barbell Squat",2015-09-25,12,250,3,"250 lb || 3 reps","115"
"Barbell Squat",2015-09-25,13,250,3,"250 lb || 3 reps","115"
"Barbell Squat",2015-09-25,14,250,3,"250 lb || 3 reps","115"
"Barbell Squat",2015-09-25,15,250,3,"250 lb || 3 reps","115"
"Barbell Squat",2015-09-25,16,250,3,"250 lb || 3 reps","115"
"Barbell Squat",2015-09-25,17,270,5,"270 lb || 5 reps","164"
"Barbell Squat",2015-09-25,18,270,5,"270 lb || 5 reps","164"
"Barbell Squat",2015-09-25,19,230,8,"230 lb || 8 reps","142"
"Barbell Squat",2015-09-25,20,230,8,"230 lb || 8 reps","142"
"Barbell Squat",2015-09-25,21,230,8,"230 lb || 8 reps","142"
"Barbell Squat",2015-10-01,3,45,5,"45 lb || 5 reps","36"
"Barbell Squat",2015-10-01,4,95,5,"95 lb || 5 reps","50"
"Barbell Squat",2015-10-01,5,135,5,"135 lb || 5 reps","66"
"Barbell Squat",2015-10-01,6,155,3,"155 lb || 3 reps","60"
"Barbell Squat",2015-10-01,7,185,3,"185 lb || 3 reps","74"
"Barbell Squat",2015-10-01,8,225,3,"225 lb || 3 reps","97"
"Barbell Squat",2015-10-01,9,265,3,"265 lb || 3 reps","127"
"Barbell Squat",2015-10-01,10,270,10,"270 lb || 10 reps","193"
"Barbell Squat",2015-10-01,11,270,10,"270 lb || 10 reps","193"
"Barbell Squat",2015-10-01,12,270,10,"270 lb || 10 reps","193"
"Barbell Squat",2015-10-01,13,285,6,"285 lb || 6 reps","192"
"Barbell Squat",2015-10-01,14,285,6,"285 lb || 6 reps","192"
"Barbell Squat",2015-10-01,15,250,10,"250 lb || 10 reps","168"
"Barbell Squat",2015-10-01,16,250,10,"250 lb || 10 reps","168"
"Barbell Squat",2015-10-01,17,250,10,"250 lb || 10 reps","168"
"Barbell Squat",2015-10-07,1,45,5,"45 lb || 5 reps","36"
"Barbell Squat",2015-10-07,2,95,5,"95 lb || 5 reps","50"
"Barbell Squat",2015-10-07,3,135,5,"135 lb || 5 reps","66"
"Barbell Squat",2015-10-07,4,185,3,"185 lb || 3 reps","74"
"Barbell Squat",2015-10-07,5,225,3,"225 lb || 3 reps","97"
"Barbell Squat",2015-10-07,6,255,3,"255 lb || 3 reps","119"
"Barbell Squat",2015-10-07,7,275,3,"275 lb || 3 reps","136"
"Barbell Squat",2015-10-07,8,285,2,"285 lb || 2 reps","122"
"Barbell Squat",2015-10-07,9,305,2,"305 lb || 2 reps","140"
"Barbell Squat",2015-10-07,10,305,2,"305 lb || 2 reps","140"
"Barbell Squat",2015-10-07,11,305,2,"305 lb || 2 reps","140"
"Barbell Squat",2015-10-07,12,305,2,"305 lb || 2 reps","140"
"Barbell Squat",2015-10-07,13,305,2,"305 lb || 2 reps","140"
"Barbell Squat",2015-10-07,14,325,5,"325 lb || 5 reps","237"
"Barbell Squat",2015-10-07,15,325,5,"325 lb || 5 reps","237"
"Barbell Squat",2015-10-07,16,285,5,"285 lb || 5 reps","181"
"Barbell Squat",2015-10-07,17,285,5,"285 lb || 5 reps","181"
"Barbell Squat",2015-10-16,3,45,5,"45 lb || 5 reps","36"
"Barbell Squat",2015-10-16,4,45,5,"45 lb || 5 reps","36"
"Barbell Squat",2015-10-16,5,95,5,"95 lb || 5 reps","50"
"Barbell Squat",2015-10-16,6,135,5,"135 lb || 5 reps","66"
"Barbell Squat",2015-10-16,7,165,3,"165 lb || 3 reps","64"
"Barbell Squat",2015-10-16,8,185,3,"185 lb || 3 reps","74"
"Barbell Squat",2015-10-16,9,225,3,"225 lb || 3 reps","97"
"Barbell Squat",2015-10-16,10,255,2,"255 lb || 2 reps","100"
"Barbell Squat",2015-10-16,11,275,2,"275 lb || 2 reps","114"
"Barbell Squat",2015-10-16,12,275,2,"275 lb || 2 reps","114"
"Barbell Squat",2015-10-16,13,275,2,"275 lb || 2 reps","114"
"Barbell Squat",2015-10-16,14,275,2,"275 lb || 2 reps","114"
"Barbell Squat",2015-10-16,15,275,2,"275 lb || 2 reps","114"
"Barbell Squat",2015-10-16,16,275,2,"275 lb || 2 reps","114"
"Barbell Squat",2015-10-16,17,285,5,"285 lb || 5 reps","181"
"Barbell Squat",2015-10-16,18,285,5,"285 lb || 5 reps","181"
"Barbell Squat",2015-10-16,19,250,6,"250 lb || 6 reps","152"
"Barbell Squat",2015-10-16,20,250,6,"250 lb || 6 reps","152"
"Barbell Squat",2015-10-16,21,250,6,"250 lb || 6 reps","152"
"Barbell Squat",2015-10-23,3,45,5,"45 lb || 5 reps","36"
"Barbell Squat",2015-10-23,4,45,5,"45 lb || 5 reps","36"
"Barbell Squat",2015-10-23,5,95,5,"95 lb || 5 reps","50"
"Barbell Squat",2015-10-23,6,135,5,"135 lb || 5 reps","66"
"Barbell Squat",2015-10-23,7,185,5,"185 lb || 5 reps","92"
"Barbell Squat",2015-10-23,8,225,4,"225 lb || 4 reps","110"
"Barbell Squat",2015-10-23,9,255,3,"255 lb || 3 reps","119"
"Barbell Squat",2015-10-23,10,275,3,"275 lb || 3 reps","136"
"Barbell Squat",2015-10-23,11,295,3,"295 lb || 3 reps","155"
"Barbell Squat",2015-10-23,12,305,8,"305 lb || 8 reps","235"
"Barbell Squat",2015-10-23,13,305,8,"305 lb || 8 reps","235"
"Barbell Squat",2015-10-23,14,305,8,"305 lb || 8 reps","235"
"Barbell Squat",2015-10-23,15,325,3,"325 lb || 3 reps","190"
"Barbell Squat",2015-10-23,16,325,3,"325 lb || 3 reps","190"
"Barbell Squat",2015-10-23,17,285,8,"285 lb || 8 reps","206"
"Barbell Squat",2015-10-23,18,285,8,"285 lb || 8 reps","206"
"Barbell Squat",2015-10-29,3,45,5,"45 lb || 5 reps","36"
"Barbell Squat",2015-10-29,4,45,5,"45 lb || 5 reps","36"
"Barbell Squat",2015-10-29,5,95,5,"95 lb || 5 reps","50"
"Barbell Squat",2015-10-29,6,135,5,"135 lb || 5 reps","66"
"Barbell Squat",2015-10-29,7,185,5,"185 lb || 5 reps","92"
"Barbell Squat",2015-10-29,8,225,3,"225 lb || 3 reps","97"
"Barbell Squat",2015-10-29,9,255,3,"255 lb || 3 reps","119"
"Barbell Squat",2015-10-29,10,275,3,"275 lb || 3 reps","136"
"Barbell Squat",2015-10-29,11,315,2,"315 lb || 2 reps","150"
"Barbell Squat",2015-10-29,12,325,2,"325 lb || 2 reps","160"
"Barbell Squat",2015-10-29,13,325,2,"325 lb || 2 reps","160"
"Barbell Squat",2015-10-29,14,325,2,"325 lb || 2 reps","160"
"Barbell Squat",2015-10-29,15,345,2,"345 lb || 2 reps","184"
"Barbell Squat",2015-10-29,16,345,2,"345 lb || 2 reps","184"
"Barbell Squat",2015-10-29,17,305,5,"305 lb || 5 reps","207"
"Barbell Squat",2015-10-29,18,305,5,"305 lb || 5 reps","207"
"Barbell Squat",2015-11-06,3,45,5,"45 lb || 5 reps","36"
"Barbell Squat",2015-11-06,4,45,5,"45 lb || 5 reps","36"
"Barbell Squat",2015-11-06,5,95,5,"95 lb || 5 reps","50"
"Barbell Squat",2015-11-06,6,135,5,"135 lb || 5 reps","66"
"Barbell Squat",2015-11-06,7,185,5,"185 lb || 5 reps","92"
"Barbell Squat",2015-11-06,8,225,3,"225 lb || 3 reps","97"
"Barbell Squat",2015-11-06,9,255,3,"255 lb || 3 reps","119"
"Barbell Squat",2015-11-06,10,275,3,"275 lb || 3 reps","136"
"Barbell Squat",2015-11-06,11,285,2,"285 lb || 2 reps","122"
"Barbell Squat",2015-11-06,12,285,2,"285 lb || 2 reps","122"
"Barbell Squat",2015-11-06,13,285,2,"285 lb || 2 reps","122"
"Barbell Squat",2015-11-06,14,285,2,"285 lb || 2 reps","122"
"Barbell Squat",2015-11-06,15,285,2,"285 lb || 2 reps","122"
"Barbell Squat",2015-11-06,16,305,3,"305 lb || 3 reps","166"
"Barbell Squat",2015-11-06,17,305,3,"305 lb || 3 reps","166"
"Barbell Squat",2015-11-06,18,305,3,"305 lb || 3 reps","166"
"Barbell Squat",2015-11-06,19,275,5,"275 lb || 5 reps","169"
"Barbell Squat",2015-11-06,20,275,5,"275 lb || 5 reps","169"
"Barbell Squat",2015-11-06,21,275,5,"275 lb || 5 reps","169"
"Barbell Squat",2015-11-12,3,45,5,"45 lb || 5 reps","36"
"Barbell Squat",2015-11-12,4,45,5,"45 lb || 5 reps","36"
"Barbell Squat",2015-11-12,5,95,5,"95 lb || 5 reps","50"
"Barbell Squat",2015-11-12,6,135,5,"135 lb || 5 reps","66"
"Barbell Squat",2015-11-12,7,185,5,"185 lb || 5 reps","92"
"Barbell Squat",2015-11-12,8,225,5,"225 lb || 5 reps","121"
"Barbell Squat",2015-11-12,9,265,3,"265 lb || 3 reps","127"
"Barbell Squat",2015-11-12,10,285,3,"285 lb || 3 reps","145"
"Barbell Squat",2015-11-12,11,315,3,"315 lb || 3 reps","178"
"Barbell Squat",2015-11-12,12,325,5,"325 lb || 5 reps","237"
"Barbell Squat",2015-11-12,13,325,5,"325 lb || 5 reps","237"
"Barbell Squat",2015-11-12,14,325,5,"325 lb || 5 reps","237"
"Barbell Squat",2015-11-12,15,345,2,"345 lb || 2 reps","184"
"Barbell Squat",2015-11-12,16,345,2,"345 lb || 2 reps","184"
"Barbell Squat",2015-11-12,17,305,5,"305 lb || 5 reps","207"
"Barbell Squat",2015-11-12,18,305,5,"305 lb || 5 reps","207"
"Barbell Squat",2015-11-19,3,45,5,"45 lb || 5 reps","36"
"Barbell Squat",2015-11-19,4,45,5,"45 lb || 5 reps","36"
"Barbell Squat",2015-11-19,5,95,5,"95 lb || 5 reps","50"
"Barbell Squat",2015-11-19,6,135,5,"135 lb || 5 reps","66"
"Barbell Squat",2015-11-19,7,185,5,"185 lb || 5 reps","92"
"Barbell Squat",2015-11-19,8,225,5,"225 lb || 5 reps","121"
"Barbell Squat",2015-11-19,9,255,3,"255 lb || 3 reps","119"
"Barbell Squat",2015-11-19,10,275,3,"275 lb || 3 reps","136"
"Barbell Squat",2015-11-19,11,315,2,"315 lb || 2 reps","150"
"Barbell Squat",2015-11-19,12,325,2,"325 lb || 2 reps","160"
"Barbell Squat",2015-11-19,13,345,2,"345 lb || 2 reps","184"
"Barbell Squat",2015-11-19,14,355,1,"355 lb || 1 reps","159"
"Barbell Squat",2015-11-19,15,365,1,"365 lb || 1 reps","170"
"Barbell Squat",2015-11-19,16,305,9,"305 lb || 9 reps","240"
"Barbell Squat",2015-12-04,3,45,5,"45 lb || 5 reps","36"
"Barbell Squat",2015-12-04,4,45,5,"45 lb || 5 reps","36"
"Barbell Squat",2015-12-04,5,95,5,"95 lb || 5 reps","50"
"Barbell Squat",2015-12-04,6,145,5,"145 lb || 5 reps","70"
"Barbell Squat",2015-12-04,7,195,3,"195 lb || 3 reps","79"
"Barbell Squat",2015-12-04,8,235,3,"235 lb || 3 reps","104"
"Barbell Squat",2015-12-04,9,265,3,"265 lb || 3 reps","127"
"Barbell Squat",2015-12-04,10,285,3,"285 lb || 3 reps","145"
"Barbell Squat",2015-12-04,11,325,2,"325 lb || 2 reps","160"
"Barbell Squat",2015-12-04,12,355,2,"355 lb || 2 reps","196"
"Barbell Squat",2015-12-04,13,375,1,"375 lb || 1 reps","182"
"Barbell Squat",2015-12-04,14,405,1,"405 lb || 1 reps","223"
"Barbell Squat",2015-12-04,15,425,1,"425 lb || 1 reps","255"
"Barbell Squat",2015-12-11,3,45,5,"45 lb || 5 reps","36"
"Barbell Squat",2015-12-11,4,45,5,"45 lb || 5 reps","36"
"Barbell Squat",2015-12-11,5,105,5,"105 lb || 5 reps","54"
"Barbell Squat",2015-12-11,6,145,5,"145 lb || 5 reps","70"
"Barbell Squat",2015-12-11,7,195,5,"195 lb || 5 reps","99"
"Barbell Squat",2015-12-11,8,235,5,"235 lb || 5 reps","129"
"Barbell Squat",2015-12-11,9,265,3,"265 lb || 3 reps","127"
"Barbell Squat",2015-12-11,10,280,5,"280 lb || 5 reps","175"
"Barbell Squat",2015-12-11,11,320,5,"320 lb || 5 reps","229"
"Barbell Squat",2015-12-11,12,365,5,"365 lb || 5 reps","310"
"Barbell Squat",2015-12-11,13,380,2,"380 lb || 2 reps","233"
"Barbell Squat",2015-12-11,14,275,5,"275 lb || 5 reps","169"
"Barbell Squat",2015-12-11,15,275,5,"275 lb || 5 reps","169"
"Barbell Squat",2015-12-11,16,275,5,"275 lb || 5 reps","169"
"Barbell Squat",2015-12-11,17,275,5,"275 lb || 5 reps","169"
"Barbell Squat",2015-12-11,18,275,5,"275 lb || 5 reps","169"
"Barbell Squat",2015-12-18,1,45,5,"45 lb || 5 reps","36"
"Barbell Squat",2015-12-18,2,45,5,"45 lb || 5 reps","36"
"Barbell Squat",2015-12-18,3,105,5,"105 lb || 5 reps","54"
"Barbell Squat",2015-12-18,4,145,5,"145 lb || 5 reps","70"
"Barbell Squat",2015-12-18,5,195,5,"195 lb || 5 reps","99"
"Barbell Squat",2015-12-18,6,235,3,"235 lb || 3 reps","104"
"Barbell Squat",2015-12-18,7,265,3,"265 lb || 3 reps","127"
"Barbell Squat",2015-12-18,8,285,3,"285 lb || 3 reps","145"
"Barbell Squat",2015-12-18,9,300,3,"300 lb || 3 reps","161"
"Barbell Squat",2015-12-18,10,340,3,"340 lb || 3 reps","210"
"Barbell Squat",2015-12-18,11,385,4,"385 lb || 4 reps","324"
"Barbell Squat",2015-12-18,12,300,6,"300 lb || 6 reps","213"
"Barbell Squat",2015-12-18,13,300,6,"300 lb || 6 reps","213"
"Barbell Squat",2015-12-18,14,300,6,"300 lb || 6 reps","213"
"Barbell Squat",2015-12-18,15,300,6,"300 lb || 6 reps","213"
"Barbell Squat",2015-12-18,16,300,6,"300 lb || 6 reps","213"
"Barbell Squat",2015-12-31,1,45,5,"45 lb || 5 reps","36"
"Barbell Squat",2015-12-31,2,95,5,"95 lb || 5 reps","50"
"Barbell Squat",2015-12-31,3,135,5,"135 lb || 5 reps","66"
"Barbell Squat",2015-12-31,4,185,5,"185 lb || 5 reps","92"
"Barbell Squat",2015-12-31,5,225,5,"225 lb || 5 reps","121"
"Barbell Squat",2015-12-31,6,285,3,"285 lb || 3 reps","145"
"Barbell Squat",2015-12-31,7,320,5,"320 lb || 5 reps","229"
"Barbell Squat",2015-12-31,8,365,3,"365 lb || 3 reps","249"
"Barbell Squat",2015-12-31,9,405,1,"405 lb || 1 reps","223"
"Barbell Squat",2015-12-31,10,320,4,"320 lb || 4 reps","209"
"Barbell Squat",2015-12-31,11,320,4,"320 lb || 4 reps","209"
"Barbell Squat",2015-12-31,12,320,4,"320 lb || 4 reps","209"
"Barbell Squat",2015-12-31,13,320,4,"320 lb || 4 reps","209"
"Barbell Squat",2015-12-31,14,320,4,"320 lb || 4 reps","209"
"Barbell Squat",2016-01-08,1,45,5,"45 lb || 5 reps","36"
"Barbell Squat",2016-01-08,2,95,5,"95 lb || 5 reps","50"
"Barbell Squat",2016-01-08,3,135,5,"135 lb || 5 reps","66"
"Barbell Squat",2016-01-08,4,195,5,"195 lb || 5 reps","99"
"Barbell Squat",2016-01-08,5,235,3,"235 lb || 3 reps","104"
"Barbell Squat",2016-01-08,6,265,3,"265 lb || 3 reps","127"
"Barbell Squat",2016-01-08,7,285,5,"285 lb || 5 reps","181"
"Barbell Squat",2016-01-08,8,330,5,"330 lb || 5 reps","245"
"Barbell Squat",2016-01-08,9,370,6,"370 lb || 6 reps","341"
"Barbell Squat",2016-01-08,10,390,1,"390 lb || 1 reps","201"
"Barbell Squat",2016-01-08,11,285,5,"285 lb || 5 reps","181"
"Barbell Squat",2016-01-08,12,285,5,"285 lb || 5 reps","181"
"Barbell Squat",2016-01-08,13,285,5,"285 lb || 5 reps","181"
"Barbell Squat",2016-01-08,14,285,5,"285 lb || 5 reps","181"
"Barbell Squat",2016-01-08,15,285,5,"285 lb || 5 reps","181"
"Barbell Squat",2016-01-15,1,45,5,"45 lb || 5 reps","36"
"Barbell Squat",2016-01-15,2,45,5,"45 lb || 5 reps","36"
"Barbell Squat",2016-01-15,3,95,5,"95 lb || 5 reps","50"
"Barbell Squat",2016-01-15,4,135,5,"135 lb || 5 reps","66"
"Barbell Squat",2016-01-15,5,185,5,"185 lb || 5 reps","92"
"Barbell Squat",2016-01-15,6,225,4,"225 lb || 4 reps","110"
"Barbell Squat",2016-01-15,7,255,3,"255 lb || 3 reps","119"
"Barbell Squat",2016-01-15,8,275,3,"275 lb || 3 reps","136"
"Barbell Squat",2016-01-15,9,305,3,"305 lb || 3 reps","166"
"Barbell Squat",2016-01-15,10,350,3,"350 lb || 3 reps","225"
"Barbell Squat",2016-01-15,11,392.5,4,"392.5 lb || 4 reps","341"
"Barbell Squat",2016-01-15,12,415,1,"415 lb || 1 reps","238"
"Barbell Squat",2016-01-15,13,305,5,"305 lb || 5 reps","207"
"Barbell Squat",2016-01-15,14,305,5,"305 lb || 5 reps","207"
"Barbell Squat",2016-01-15,15,305,5,"305 lb || 5 reps","207"
"Barbell Squat",2016-01-15,16,305,5,"305 lb || 5 reps","207"
"Barbell Squat",2016-01-15,17,305,5,"305 lb || 5 reps","207"
"Barbell Squat",2016-01-22,1,45,5,"45 lb || 5 reps","36"
"Barbell Squat",2016-01-22,2,45,5,"45 lb || 5 reps","36"
"Barbell Squat",2016-01-22,3,95,5,"95 lb || 5 reps","50"
"Barbell Squat",2016-01-22,4,135,5,"135 lb || 5 reps","66"
"Barbell Squat",2016-01-22,5,185,5,"185 lb || 5 reps","92"
"Barbell Squat",2016-01-22,6,225,5,"225 lb || 5 reps","121"
"Barbell Squat",2016-01-22,7,255,3,"255 lb || 3 reps","119"
"Barbell Squat",2016-01-22,8,275,3,"275 lb || 3 reps","136"
"Barbell Squat",2016-01-22,9,315,3,"315 lb || 3 reps","178"
"Barbell Squat",2016-01-22,10,327.5,5,"327.5 lb || 5 reps","241"
"Barbell Squat",2016-01-22,11,370,3,"370 lb || 3 reps","258"
"Barbell Squat",2016-01-22,12,413,3,"412.5 lb || 3 reps","343"
"Barbell Squat",2016-01-22,14,455,1,"455 lb || 1 reps","312"
"Barbell Squat",2016-01-22,15,327.5,5,"327.5 lb || 5 reps","241"
"Barbell Squat",2016-01-22,16,327.5,5,"327.5 lb || 5 reps","241"
"Barbell Squat",2016-01-22,17,327.5,5,"327.5 lb || 5 reps","241"
"Barbell Squat",2016-01-22,18,327.5,5,"327.5 lb || 5 reps","241"
"Barbell Squat",2016-01-22,19,327.5,5,"327.5 lb || 5 reps","241"
"Barbell Squat",2016-01-28,1,45,5,"45 lb || 5 reps","36"
"Barbell Squat",2016-01-28,2,45,5,"45 lb || 5 reps","36"
"Barbell Squat",2016-01-28,3,95,5,"95 lb || 5 reps","50"
"Barbell Squat",2016-01-28,4,135,5,"135 lb || 5 reps","66"
"Barbell Squat",2016-01-28,5,185,5,"185 lb || 5 reps","92"
"Barbell Squat",2016-01-28,6,225,5,"225 lb || 5 reps","121"
"Barbell Squat",2016-01-28,7,225,5,"225 lb || 5 reps","121"
"Barbell Squat",2016-01-28,8,225,5,"225 lb || 5 reps","121"
"Barbell Squat",2016-01-28,9,225,5,"225 lb || 5 reps","121"
"Barbell Squat",2016-02-05,1,45,5,"45 lb || 5 reps","36"
"Barbell Squat",2016-02-05,2,45,5,"45 lb || 5 reps","36"
"Barbell Squat",2016-02-05,3,135,5,"135 lb || 5 reps","66"
"Barbell Squat",2016-02-05,4,185,5,"185 lb || 5 reps","92"
"Barbell Squat",2016-02-05,5,225,5,"225 lb || 5 reps","121"
"Barbell Squat",2016-02-05,6,275,3,"275 lb || 3 reps","136"
"Barbell Squat",2016-02-05,7,295,5,"295 lb || 5 reps","194"
"Barbell Squat",2016-02-05,8,345,5,"345 lb || 5 reps","271"
"Barbell Squat",2016-02-05,9,387.5,6,"387.5 lb || 6 reps","384"
"Barbell Squat",2016-02-05,10,407.5,1,"407.5 lb || 1 reps","226"
"Barbell Squat",2016-02-05,11,295,5,"295 lb || 5 reps","194"
"Barbell Squat",2016-02-05,12,295,5,"295 lb || 5 reps","194"
"Barbell Squat",2016-02-05,13,295,5,"295 lb || 5 reps","194"
"Barbell Squat",2016-02-05,14,295,5,"295 lb || 5 reps","194"
"Barbell Squat",2016-02-05,15,295,5,"295 lb || 5 reps","194"
"Barbell Squat",2016-02-09,38,45,5,"45 lb || 5 reps","36"
"Barbell Squat",2016-02-09,39,95,5,"95 lb || 5 reps","50"
"Barbell Squat",2016-02-09,40,135,10,"135 lb || 10 reps","77"
"Barbell Squat",2016-02-09,41,135,10,"135 lb || 10 reps","77"
"Barbell Squat",2016-02-12,1,45,5,"45 lb || 5 reps","36"
"Barbell Squat",2016-02-12,2,95,5,"95 lb || 5 reps","50"
"Barbell Squat",2016-02-12,3,135,5,"135 lb || 5 reps","66"
"Barbell Squat",2016-02-12,4,185,5,"185 lb || 5 reps","92"
"Barbell Squat",2016-02-12,5,225,5,"225 lb || 5 reps","121"
"Barbell Squat",2016-02-12,6,255,4,"255 lb || 4 reps","135"
"Barbell Squat",2016-02-12,7,275,3,"275 lb || 3 reps","136"
"Barbell Squat",2016-02-12,8,315,3,"315 lb || 3 reps","178"
"Barbell Squat",2016-02-12,9,317.5,3,"317.5 lb || 3 reps","181"
"Barbell Squat",2016-02-12,10,355,3,"355 lb || 3 reps","233"
"Barbell Squat",2016-02-12,11,410,4,"410 lb || 4 reps","384"
"Barbell Squat",2016-02-12,12,430,4,"430 lb || 4 reps","439"
"Barbell Squat",2016-02-15,15,45,5,"45 lb || 5 reps","36"
"Barbell Squat",2016-02-15,15,45,5,"45 lb || 5 reps","36"
"Barbell Squat",2016-02-15,16,95,5,"95 lb || 5 reps","50"
"Barbell Squat",2016-02-15,16,95,5,"95 lb || 5 reps","50"
"Barbell Squat",2016-02-15,17,115,15,"115 lb || 15 reps","72"
"Barbell Squat",2016-02-15,17,115,15,"115 lb || 15 reps","72"
"Barbell Squat",2016-02-15,18,115,15,"115 lb || 15 reps","72"
"Barbell Squat",2016-02-15,18,115,15,"115 lb || 15 reps","72"
"Barbell Squat",2016-02-15,19,115,15,"115 lb || 15 reps","72"
"Barbell Squat",2016-02-15,19,115,15,"115 lb || 15 reps","72"
"Barbell Squat",2016-02-19,4,45,5,"45 lb || 5 reps","36"
"Barbell Squat",2016-02-19,5,95,5,"95 lb || 5 reps","50"
"Barbell Squat",2016-02-19,6,135,5,"135 lb || 5 reps","66"
"Barbell Squat",2016-02-19,7,185,5,"185 lb || 5 reps","92"
"Barbell Squat",2016-02-19,8,225,5,"225 lb || 5 reps","121"
"Barbell Squat",2016-02-19,9,255,4,"255 lb || 4 reps","135"
"Barbell Squat",2016-02-19,10,275,4,"275 lb || 4 reps","154"
"Barbell Squat",2016-02-19,11,315,3,"315 lb || 3 reps","178"
"Barbell Squat",2016-02-19,12,342.5,5,"342.5 lb || 5 reps","267"
"Barbell Squat",2016-02-19,13,387.5,3,"387.5 lb || 3 reps","290"
"Barbell Squat",2016-02-19,14,432.5,2,"432.5 lb || 2 reps","331"
"Barbell Squat",2016-02-19,15,342.5,5,"342.5 lb || 5 reps","267"
"Barbell Squat",2016-02-19,16,342.5,5,"342.5 lb || 5 reps","267"
"Barbell Squat",2016-02-19,17,342.5,5,"342.5 lb || 5 reps","267"
"Barbell Squat",2016-02-19,18,342.5,5,"342.5 lb || 5 reps","267"
"Barbell Squat",2016-02-19,19,342.5,5,"342.5 lb || 5 reps","267"
"Barbell Squat",2016-02-23,17,45,5,"45 lb || 5 reps","36"
"Barbell Squat",2016-02-23,18,115,5,"115 lb || 5 reps","57"
"Barbell Squat",2016-02-23,19,135,15,"135 lb || 15 reps","82"
"Barbell Squat",2016-02-23,20,135,15,"135 lb || 15 reps","82"
"Barbell Squat",2016-02-23,21,135,15,"135 lb || 15 reps","82"
"Barbell Squat",2016-02-23,22,135,15,"135 lb || 15 reps","82"
"Barbell Squat",2016-02-26,3,45,5,"45 lb || 5 reps","36"
"Barbell Squat",2016-02-26,4,95,5,"95 lb || 5 reps","50"
"Barbell Squat",2016-02-26,5,135,5,"135 lb || 5 reps","66"
"Barbell Squat",2016-02-26,6,185,5,"185 lb || 5 reps","92"
"Barbell Squat",2016-02-26,7,225,5,"225 lb || 5 reps","121"
"Barbell Squat",2016-02-26,8,255,4,"255 lb || 4 reps","135"
"Barbell Squat",2016-02-26,9,275,4,"275 lb || 4 reps","154"
"Barbell Squat",2016-02-26,10,302.5,5,"302.5 lb || 5 reps","204"
"Barbell Squat",2016-02-26,11,350,5,"350 lb || 5 reps","281"
"Barbell Squat",2016-02-26,12,395,6,"395 lb || 6 reps","404"
"Barbell Squat",2016-02-26,13,415,1,"415 lb || 1 reps","238"
"Barbell Squat",2016-02-26,14,305,5,"305 lb || 5 reps","207"
"Barbell Squat",2016-02-26,15,305,5,"305 lb || 5 reps","207"
"Barbell Squat",2016-02-26,16,305,5,"305 lb || 5 reps","207"
"Barbell Squat",2016-02-26,17,305,5,"305 lb || 5 reps","207"
"Barbell Squat",2016-02-26,18,305,5,"305 lb || 5 reps","207"
"Barbell Squat",2016-03-01,18,45,5,"45 lb || 5 reps","36"
"Barbell Squat",2016-03-01,19,55,5,"55 lb || 5 reps","38"
"Barbell Squat",2016-03-01,20,105,5,"105 lb || 5 reps","54"
"Barbell Squat",2016-03-01,21,145,5,"145 lb || 5 reps","70"
"Barbell Squat",2016-03-01,22,205,5,"205 lb || 5 reps","105"
"Barbell Squat",2016-03-01,23,205,5,"205 lb || 5 reps","105"
"Barbell Squat",2016-03-01,24,205,5,"205 lb || 5 reps","105"
"Barbell Squat",2016-03-01,25,205,5,"205 lb || 5 reps","105"
"Barbell Squat",2016-03-04,3,45,5,"45 lb || 5 reps","36"
"Barbell Squat",2016-03-04,4,95,5,"95 lb || 5 reps","50"
"Barbell Squat",2016-03-04,5,135,5,"135 lb || 5 reps","66"
"Barbell Squat",2016-03-04,6,185,5,"185 lb || 5 reps","92"
"Barbell Squat",2016-03-04,7,225,5,"225 lb || 5 reps","121"
"Barbell Squat",2016-03-04,8,255,4,"255 lb || 4 reps","135"
"Barbell Squat",2016-03-04,9,275,4,"275 lb || 4 reps","154"
"Barbell Squat",2016-03-04,10,315,3,"315 lb || 3 reps","178"
"Barbell Squat",2016-03-04,11,325,3,"325 lb || 3 reps","190"
"Barbell Squat",2016-03-04,12,375,3,"375 lb || 3 reps","266"
"Barbell Squat",2016-03-04,13,417.5,4,"417.5 lb || 4 reps","404"
"Barbell Squat",2016-03-04,14,437.5,1,"437.5 lb || 1 reps","277"
"Barbell Squat",2016-03-04,15,325,5,"325 lb || 5 reps","237"
"Barbell Squat",2016-03-04,16,325,5,"325 lb || 5 reps","237"
"Barbell Squat",2016-03-04,17,325,5,"325 lb || 5 reps","237"
"Barbell Squat",2016-03-04,18,325,5,"325 lb || 5 reps","237"
"Barbell Squat",2016-03-04,19,325,5,"325 lb || 5 reps","237"
"Barbell Squat",2016-03-08,15,45,5,"45 lb || 5 reps","36"
"Barbell Squat",2016-03-08,16,95,5,"95 lb || 5 reps","50"
"Barbell Squat",2016-03-08,17,135,5,"135 lb || 5 reps","66"
"Barbell Squat",2016-03-08,18,185,5,"185 lb || 5 reps","92"
"Barbell Squat",2016-03-08,19,215,5,"215 lb || 5 reps","113"
"Barbell Squat",2016-03-08,20,215,5,"215 lb || 5 reps","113"
"Barbell Squat",2016-03-08,21,215,5,"215 lb || 5 reps","113"
"Barbell Squat",2016-03-08,22,215,5,"215 lb || 5 reps","113"
"Barbell Squat",2016-03-11,3,45,5,"45 lb || 5 reps","36"
"Barbell Squat",2016-03-11,4,95,5,"95 lb || 5 reps","50"
"Barbell Squat",2016-03-11,5,135,5,"135 lb || 5 reps","66"
"Barbell Squat",2016-03-11,6,185,5,"185 lb || 5 reps","92"
"Barbell Squat",2016-03-11,7,225,5,"225 lb || 5 reps","121"
"Barbell Squat",2016-03-11,8,265,4,"265 lb || 4 reps","144"
"Barbell Squat",2016-03-11,9,275,4,"275 lb || 4 reps","154"
"Barbell Squat",2016-03-11,10,315,4,"315 lb || 4 reps","202"
"Barbell Squat",2016-03-11,11,350,5,"350 lb || 5 reps","281"
"Barbell Squat",2016-03-11,12,395,3,"395 lb || 3 reps","305"
"Barbell Squat",2016-03-11,13,442.5,2,"442.5 lb || 2 reps","354"
"Barbell Squat",2016-03-11,14,350,5,"350 lb || 5 reps","281"
"Barbell Squat",2016-03-11,15,350,5,"350 lb || 5 reps","281"
"Barbell Squat",2016-03-11,16,350,5,"350 lb || 5 reps","281"
"Barbell Squat",2016-03-11,17,350,5,"350 lb || 5 reps","281"
"Barbell Squat",2016-03-11,18,350,5,"350 lb || 5 reps","281"
"Barbell Squat",2016-03-15,9,45,5,"45 lb || 5 reps","36"
"Barbell Squat",2016-03-15,10,95,5,"95 lb || 5 reps","50"
"Barbell Squat",2016-03-15,11,135,5,"135 lb || 5 reps","66"
"Barbell Squat",2016-03-15,12,135,5,"135 lb || 5 reps","66"
"Barbell Squat",2016-03-18,3,45,5,"45 lb || 5 reps","36"
"Barbell Squat",2016-03-18,4,95,5,"95 lb || 5 reps","50"
"Barbell Squat",2016-03-18,5,135,5,"135 lb || 5 reps","66"
"Barbell Squat",2016-03-18,6,185,5,"185 lb || 5 reps","92"
"Barbell Squat",2016-03-18,7,225,5,"225 lb || 5 reps","121"
"Barbell Squat",2016-03-18,8,225,5,"225 lb || 5 reps","121"
"Barbell Squat",2016-03-18,9,225,5,"225 lb || 5 reps","121"
"Barbell Squat",2016-03-18,10,225,5,"225 lb || 5 reps","121"
"Barbell Squat",2016-03-18,10,405,5,"225 lb || 5 reps","121"
"Barbell Squat",2016-03-18,10,430,5,"225 lb || 5 reps","121"
